date,sales_quantity,promotion_flag,sku_id,product_name,category,brand,price
2022-01-01,2134,0,100251183595,Apple iPhone,手机通讯,Apple,8999元
2022-01-02,2658,1,100251183595,Apple iPhone,手机通讯,Apple,8999元
2022-01-03,2018,0,100251183595,Apple iPhone,手机通讯,Apple,8999元
2022-01-04,2183,0,100251183595,Apple iPhone,手机通讯,Apple,8999元
2022-01-05,1941,0,100251183595,Apple iPhone,手机通讯,Apple,8999元
2022-01-06,1865,0,100251183595,Apple iPhone,手机通讯,Apple,8999元
2022-01-07,2174,0,100251183595,Apple iPhone,手机通讯,Apple,8999元
2022-01-08,2189,0,100251183595,Apple iPhone,手机通讯,Apple,8999元
2022-01-09,2071,0,100251183595,Apple iPhone,手机通讯,Apple,8999元
2022-01-10,2559,1,100251183595,Apple iPhone,手机通讯,Apple,8999元
2022-01-11,2020,0,100251183595,Apple iPhone,手机通讯,Apple,8999元
2022-01-12,2178,0,100251183595,Apple iPhone,手机通讯,Apple,8999元
2022-01-13,2907,1,100251183595,Apple iPhone,手机通讯,Apple,8999元
2022-01-14,2115,0,100251183595,Apple iPhone,手机通讯,Apple,8999元
2022-01-15,2057,0,100251183595,Apple iPhone,手机通讯,Apple,8999元
2022-01-16,2035,0,100251183595,Apple iPhone,手机通讯,Apple,8999元
2022-01-17,1748,0,100251183595,Apple iPhone,手机通讯,Apple,8999元
2022-01-18,1788,0,100251183595,Apple iPhone,手机通讯,Apple,8999元
2022-01-19,2052,0,100251183595,Apple iPhone,手机通讯,Apple,8999元
2022-01-20,2591,1,100251183595,Apple iPhone,手机通讯,Apple,8999元
2022-01-21,2028,0,100251183595,Apple iPhone,手机通讯,Apple,8999元
2022-01-22,2310,0,100251183595,Apple iPhone,手机通讯,Apple,8999元
2022-01-23,2111,0,100251183595,Apple iPhone,手机通讯,Apple,8999元
2022-01-24,1998,0,100251183595,Apple iPhone,手机通讯,Apple,8999元
2022-01-25,2113,0,100251183595,Apple iPhone,手机通讯,Apple,8999元
2022-01-26,1932,0,100251183595,Apple iPhone,手机通讯,Apple,8999元
2022-01-27,2031,0,100251183595,Apple iPhone,手机通讯,Apple,8999元
2022-01-28,2105,0,100251183595,Apple iPhone,手机通讯,Apple,8999元
2022-01-29,2234,0,100251183595,Apple iPhone,手机通讯,Apple,8999元
2022-01-30,2104,0,100251183595,Apple iPhone,手机通讯,Apple,8999元
2022-01-31,2244,0,100251183595,Apple iPhone,手机通讯,Apple,8999元
2022-02-01,1711,0,100251183595,Apple iPhone,手机通讯,Apple,8999元
2022-02-02,1675,0,100251183595,Apple iPhone,手机通讯,Apple,8999元
2022-02-03,1626,0,100251183595,Apple iPhone,手机通讯,Apple,8999元
2022-02-04,1781,0,100251183595,Apple iPhone,手机通讯,Apple,8999元
2022-02-05,1842,0,100251183595,Apple iPhone,手机通讯,Apple,8999元
2022-02-06,1868,0,100251183595,Apple iPhone,手机通讯,Apple,8999元
2022-02-07,1627,0,100251183595,Apple iPhone,手机通讯,Apple,8999元
2022-02-08,1609,0,100251183595,Apple iPhone,手机通讯,Apple,8999元
2022-02-09,1763,0,100251183595,Apple iPhone,手机通讯,Apple,8999元
2022-02-10,1775,0,100251183595,Apple iPhone,手机通讯,Apple,8999元
2022-02-11,1763,0,100251183595,Apple iPhone,手机通讯,Apple,8999元
2022-02-12,1840,0,100251183595,Apple iPhone,手机通讯,Apple,8999元
2022-02-13,1830,0,100251183595,Apple iPhone,手机通讯,Apple,8999元
2022-02-14,1897,0,100251183595,Apple iPhone,手机通讯,Apple,8999元
2022-02-15,1683,0,100251183595,Apple iPhone,手机通讯,Apple,8999元
2022-02-16,1617,0,100251183595,Apple iPhone,手机通讯,Apple,8999元
2022-02-17,1649,0,100251183595,Apple iPhone,手机通讯,Apple,8999元
2022-02-18,1625,0,100251183595,Apple iPhone,手机通讯,Apple,8999元
2022-02-19,1881,0,100251183595,Apple iPhone,手机通讯,Apple,8999元
2022-02-20,1713,0,100251183595,Apple iPhone,手机通讯,Apple,8999元
2022-02-21,1800,0,100251183595,Apple iPhone,手机通讯,Apple,8999元
2022-02-22,2085,0,100251183595,Apple iPhone,手机通讯,Apple,8999元
2022-02-23,2036,0,100251183595,Apple iPhone,手机通讯,Apple,8999元
2022-02-24,1885,0,100251183595,Apple iPhone,手机通讯,Apple,8999元
2022-02-25,1842,0,100251183595,Apple iPhone,手机通讯,Apple,8999元
2022-02-26,1903,0,100251183595,Apple iPhone,手机通讯,Apple,8999元
2022-02-27,2049,0,100251183595,Apple iPhone,手机通讯,Apple,8999元
2022-02-28,1987,0,100251183595,Apple iPhone,手机通讯,Apple,8999元
2022-03-01,1992,0,100251183595,Apple iPhone,手机通讯,Apple,8999元
2022-03-02,1794,0,100251183595,Apple iPhone,手机通讯,Apple,8999元
2022-03-03,1920,0,100251183595,Apple iPhone,手机通讯,Apple,8999元
2022-03-04,1914,0,100251183595,Apple iPhone,手机通讯,Apple,8999元
2022-03-05,2165,0,100251183595,Apple iPhone,手机通讯,Apple,8999元
2022-03-06,2010,0,100251183595,Apple iPhone,手机通讯,Apple,8999元
2022-03-07,2072,0,100251183595,Apple iPhone,手机通讯,Apple,8999元
2022-03-08,1806,0,100251183595,Apple iPhone,手机通讯,Apple,8999元
2022-03-09,2053,0,100251183595,Apple iPhone,手机通讯,Apple,8999元
2022-03-10,2005,0,100251183595,Apple iPhone,手机通讯,Apple,8999元
2022-03-11,2044,0,100251183595,Apple iPhone,手机通讯,Apple,8999元
2022-03-12,2142,0,100251183595,Apple iPhone,手机通讯,Apple,8999元
2022-03-13,2143,0,100251183595,Apple iPhone,手机通讯,Apple,8999元
2022-03-14,1985,0,100251183595,Apple iPhone,手机通讯,Apple,8999元
2022-03-15,1893,0,100251183595,Apple iPhone,手机通讯,Apple,8999元
2022-03-16,2154,0,100251183595,Apple iPhone,手机通讯,Apple,8999元
2022-03-17,1947,0,100251183595,Apple iPhone,手机通讯,Apple,8999元
2022-03-18,2034,0,100251183595,Apple iPhone,手机通讯,Apple,8999元
2022-03-19,2248,0,100251183595,Apple iPhone,手机通讯,Apple,8999元
2022-03-20,2077,0,100251183595,Apple iPhone,手机通讯,Apple,8999元
2022-03-21,2095,0,100251183595,Apple iPhone,手机通讯,Apple,8999元
2022-03-22,1972,0,100251183595,Apple iPhone,手机通讯,Apple,8999元
2022-03-23,2006,0,100251183595,Apple iPhone,手机通讯,Apple,8999元
2022-03-24,2006,0,100251183595,Apple iPhone,手机通讯,Apple,8999元
2022-03-25,1916,0,100251183595,Apple iPhone,手机通讯,Apple,8999元
2022-03-26,2064,0,100251183595,Apple iPhone,手机通讯,Apple,8999元
2022-03-27,2143,0,100251183595,Apple iPhone,手机通讯,Apple,8999元
2022-03-28,2000,0,100251183595,Apple iPhone,手机通讯,Apple,8999元
2022-03-29,1966,0,100251183595,Apple iPhone,手机通讯,Apple,8999元
2022-03-30,1947,0,100251183595,Apple iPhone,手机通讯,Apple,8999元
2022-03-31,1932,0,100251183595,Apple iPhone,手机通讯,Apple,8999元
2022-04-01,2100,0,100251183595,Apple iPhone,手机通讯,Apple,8999元
2022-04-02,2075,0,100251183595,Apple iPhone,手机通讯,Apple,8999元
2022-04-03,2106,0,100251183595,Apple iPhone,手机通讯,Apple,8999元
2022-04-04,2041,0,100251183595,Apple iPhone,手机通讯,Apple,8999元
2022-04-05,1914,0,100251183595,Apple iPhone,手机通讯,Apple,8999元
2022-04-06,1945,0,100251183595,Apple iPhone,手机通讯,Apple,8999元
2022-04-07,1778,0,100251183595,Apple iPhone,手机通讯,Apple,8999元
2022-04-08,1985,0,100251183595,Apple iPhone,手机通讯,Apple,8999元
2022-04-09,2064,0,100251183595,Apple iPhone,手机通讯,Apple,8999元
2022-04-10,1950,0,100251183595,Apple iPhone,手机通讯,Apple,8999元
2022-04-11,1632,0,100251183595,Apple iPhone,手机通讯,Apple,8999元
2022-04-12,1806,0,100251183595,Apple iPhone,手机通讯,Apple,8999元
2022-04-13,1726,0,100251183595,Apple iPhone,手机通讯,Apple,8999元
2022-04-14,1715,0,100251183595,Apple iPhone,手机通讯,Apple,8999元
2022-04-15,1784,0,100251183595,Apple iPhone,手机通讯,Apple,8999元
2022-04-16,2018,0,100251183595,Apple iPhone,手机通讯,Apple,8999元
2022-04-17,1943,0,100251183595,Apple iPhone,手机通讯,Apple,8999元
2022-04-18,1766,0,100251183595,Apple iPhone,手机通讯,Apple,8999元
2022-04-19,1780,0,100251183595,Apple iPhone,手机通讯,Apple,8999元
2022-04-20,1779,0,100251183595,Apple iPhone,手机通讯,Apple,8999元
2022-04-21,1956,0,100251183595,Apple iPhone,手机通讯,Apple,8999元
2022-04-22,1748,0,100251183595,Apple iPhone,手机通讯,Apple,8999元
2022-04-23,2058,0,100251183595,Apple iPhone,手机通讯,Apple,8999元
2022-04-24,1956,0,100251183595,Apple iPhone,手机通讯,Apple,8999元
2022-04-25,1828,0,100251183595,Apple iPhone,手机通讯,Apple,8999元
2022-04-26,1899,0,100251183595,Apple iPhone,手机通讯,Apple,8999元
2022-04-27,1887,0,100251183595,Apple iPhone,手机通讯,Apple,8999元
2022-04-28,1799,0,100251183595,Apple iPhone,手机通讯,Apple,8999元
2022-04-29,1757,0,100251183595,Apple iPhone,手机通讯,Apple,8999元
2022-04-30,1969,0,100251183595,Apple iPhone,手机通讯,Apple,8999元
2022-05-01,2347,1,100251183595,Apple iPhone,手机通讯,Apple,8999元
2022-05-02,1860,0,100251183595,Apple iPhone,手机通讯,Apple,8999元
2022-05-03,1795,0,100251183595,Apple iPhone,手机通讯,Apple,8999元
2022-05-04,1873,0,100251183595,Apple iPhone,手机通讯,Apple,8999元
2022-05-05,1908,0,100251183595,Apple iPhone,手机通讯,Apple,8999元
2022-05-06,1805,0,100251183595,Apple iPhone,手机通讯,Apple,8999元
2022-05-07,2021,0,100251183595,Apple iPhone,手机通讯,Apple,8999元
2022-05-08,1829,0,100251183595,Apple iPhone,手机通讯,Apple,8999元
2022-05-09,1516,0,100251183595,Apple iPhone,手机通讯,Apple,8999元
2022-05-10,1717,0,100251183595,Apple iPhone,手机通讯,Apple,8999元
2022-05-11,1775,0,100251183595,Apple iPhone,手机通讯,Apple,8999元
2022-05-12,1755,0,100251183595,Apple iPhone,手机通讯,Apple,8999元
2022-05-13,1790,0,100251183595,Apple iPhone,手机通讯,Apple,8999元
2022-05-14,1919,0,100251183595,Apple iPhone,手机通讯,Apple,8999元
2022-05-15,2103,0,100251183595,Apple iPhone,手机通讯,Apple,8999元
2022-05-16,1863,0,100251183595,Apple iPhone,手机通讯,Apple,8999元
2022-05-17,1754,0,100251183595,Apple iPhone,手机通讯,Apple,8999元
2022-05-18,1887,0,100251183595,Apple iPhone,手机通讯,Apple,8999元
2022-05-19,1757,0,100251183595,Apple iPhone,手机通讯,Apple,8999元
2022-05-20,1839,0,100251183595,Apple iPhone,手机通讯,Apple,8999元
2022-05-21,1992,0,100251183595,Apple iPhone,手机通讯,Apple,8999元
2022-05-22,1851,0,100251183595,Apple iPhone,手机通讯,Apple,8999元
2022-05-23,1758,0,100251183595,Apple iPhone,手机通讯,Apple,8999元
2022-05-24,1777,0,100251183595,Apple iPhone,手机通讯,Apple,8999元
2022-05-25,2466,1,100251183595,Apple iPhone,手机通讯,Apple,8999元
2022-05-26,1748,0,100251183595,Apple iPhone,手机通讯,Apple,8999元
2022-05-27,2021,1,100251183595,Apple iPhone,手机通讯,Apple,8999元
2022-05-28,1773,0,100251183595,Apple iPhone,手机通讯,Apple,8999元
2022-05-29,1968,0,100251183595,Apple iPhone,手机通讯,Apple,8999元
2022-05-30,1839,0,100251183595,Apple iPhone,手机通讯,Apple,8999元
2022-05-31,1782,0,100251183595,Apple iPhone,手机通讯,Apple,8999元
2022-06-01,3545,1,100251183595,Apple iPhone,手机通讯,Apple,8999元
2022-06-02,3449,1,100251183595,Apple iPhone,手机通讯,Apple,8999元
2022-06-03,3984,1,100251183595,Apple iPhone,手机通讯,Apple,8999元
2022-06-04,4301,1,100251183595,Apple iPhone,手机通讯,Apple,8999元
2022-06-05,4558,1,100251183595,Apple iPhone,手机通讯,Apple,8999元
2022-06-06,4360,1,100251183595,Apple iPhone,手机通讯,Apple,8999元
2022-06-07,4658,1,100251183595,Apple iPhone,手机通讯,Apple,8999元
2022-06-08,5255,1,100251183595,Apple iPhone,手机通讯,Apple,8999元
2022-06-09,5267,1,100251183595,Apple iPhone,手机通讯,Apple,8999元
2022-06-10,5598,1,100251183595,Apple iPhone,手机通讯,Apple,8999元
2022-06-11,5831,1,100251183595,Apple iPhone,手机通讯,Apple,8999元
2022-06-12,6202,1,100251183595,Apple iPhone,手机通讯,Apple,8999元
2022-06-13,6445,1,100251183595,Apple iPhone,手机通讯,Apple,8999元
2022-06-14,6497,1,100251183595,Apple iPhone,手机通讯,Apple,8999元
2022-06-15,6387,1,100251183595,Apple iPhone,手机通讯,Apple,8999元
2022-06-16,6816,1,100251183595,Apple iPhone,手机通讯,Apple,8999元
2022-06-17,6866,1,100251183595,Apple iPhone,手机通讯,Apple,8999元
2022-06-18,7396,1,100251183595,Apple iPhone,手机通讯,Apple,8999元
2022-06-19,7317,1,100251183595,Apple iPhone,手机通讯,Apple,8999元
2022-06-20,6761,1,100251183595,Apple iPhone,手机通讯,Apple,8999元
2022-06-21,1902,0,100251183595,Apple iPhone,手机通讯,Apple,8999元
2022-06-22,1897,0,100251183595,Apple iPhone,手机通讯,Apple,8999元
2022-06-23,1890,0,100251183595,Apple iPhone,手机通讯,Apple,8999元
2022-06-24,1881,0,100251183595,Apple iPhone,手机通讯,Apple,8999元
2022-06-25,2015,0,100251183595,Apple iPhone,手机通讯,Apple,8999元
2022-06-26,1874,0,100251183595,Apple iPhone,手机通讯,Apple,8999元
2022-06-27,1593,0,100251183595,Apple iPhone,手机通讯,Apple,8999元
2022-06-28,1796,0,100251183595,Apple iPhone,手机通讯,Apple,8999元
2022-06-29,1937,0,100251183595,Apple iPhone,手机通讯,Apple,8999元
2022-06-30,1820,0,100251183595,Apple iPhone,手机通讯,Apple,8999元
2022-07-01,1612,0,100251183595,Apple iPhone,手机通讯,Apple,8999元
2022-07-02,1968,0,100251183595,Apple iPhone,手机通讯,Apple,8999元
2022-07-03,2067,0,100251183595,Apple iPhone,手机通讯,Apple,8999元
2022-07-04,1802,0,100251183595,Apple iPhone,手机通讯,Apple,8999元
2022-07-05,1782,0,100251183595,Apple iPhone,手机通讯,Apple,8999元
2022-07-06,1785,0,100251183595,Apple iPhone,手机通讯,Apple,8999元
2022-07-07,1796,0,100251183595,Apple iPhone,手机通讯,Apple,8999元
2022-07-08,1844,0,100251183595,Apple iPhone,手机通讯,Apple,8999元
2022-07-09,2062,0,100251183595,Apple iPhone,手机通讯,Apple,8999元
2022-07-10,1710,0,100251183595,Apple iPhone,手机通讯,Apple,8999元
2022-07-11,1693,0,100251183595,Apple iPhone,手机通讯,Apple,8999元
2022-07-12,1695,0,100251183595,Apple iPhone,手机通讯,Apple,8999元
2022-07-13,1744,0,100251183595,Apple iPhone,手机通讯,Apple,8999元
2022-07-14,1740,0,100251183595,Apple iPhone,手机通讯,Apple,8999元
2022-07-15,1882,0,100251183595,Apple iPhone,手机通讯,Apple,8999元
2022-07-16,1849,0,100251183595,Apple iPhone,手机通讯,Apple,8999元
2022-07-17,1802,0,100251183595,Apple iPhone,手机通讯,Apple,8999元
2022-07-18,1838,0,100251183595,Apple iPhone,手机通讯,Apple,8999元
2022-07-19,1996,0,100251183595,Apple iPhone,手机通讯,Apple,8999元
2022-07-20,1801,0,100251183595,Apple iPhone,手机通讯,Apple,8999元
2022-07-21,1848,0,100251183595,Apple iPhone,手机通讯,Apple,8999元
2022-07-22,1714,0,100251183595,Apple iPhone,手机通讯,Apple,8999元
2022-07-23,1707,0,100251183595,Apple iPhone,手机通讯,Apple,8999元
2022-07-24,1878,0,100251183595,Apple iPhone,手机通讯,Apple,8999元
2022-07-25,1766,0,100251183595,Apple iPhone,手机通讯,Apple,8999元
2022-07-26,1809,0,100251183595,Apple iPhone,手机通讯,Apple,8999元
2022-07-27,1622,0,100251183595,Apple iPhone,手机通讯,Apple,8999元
2022-07-28,1711,0,100251183595,Apple iPhone,手机通讯,Apple,8999元
2022-07-29,1899,0,100251183595,Apple iPhone,手机通讯,Apple,8999元
2022-07-30,1840,0,100251183595,Apple iPhone,手机通讯,Apple,8999元
2022-07-31,1915,0,100251183595,Apple iPhone,手机通讯,Apple,8999元
2022-08-01,1669,0,100251183595,Apple iPhone,手机通讯,Apple,8999元
2022-08-02,1461,0,100251183595,Apple iPhone,手机通讯,Apple,8999元
2022-08-03,1736,0,100251183595,Apple iPhone,手机通讯,Apple,8999元
2022-08-04,1543,0,100251183595,Apple iPhone,手机通讯,Apple,8999元
2022-08-05,1696,0,100251183595,Apple iPhone,手机通讯,Apple,8999元
2022-08-06,1708,0,100251183595,Apple iPhone,手机通讯,Apple,8999元
2022-08-07,1610,0,100251183595,Apple iPhone,手机通讯,Apple,8999元
2022-08-08,1701,0,100251183595,Apple iPhone,手机通讯,Apple,8999元
2022-08-09,1681,0,100251183595,Apple iPhone,手机通讯,Apple,8999元
2022-08-10,1712,0,100251183595,Apple iPhone,手机通讯,Apple,8999元
2022-08-11,1592,0,100251183595,Apple iPhone,手机通讯,Apple,8999元
2022-08-12,1512,0,100251183595,Apple iPhone,手机通讯,Apple,8999元
2022-08-13,1867,0,100251183595,Apple iPhone,手机通讯,Apple,8999元
2022-08-14,1691,0,100251183595,Apple iPhone,手机通讯,Apple,8999元
2022-08-15,1671,0,100251183595,Apple iPhone,手机通讯,Apple,8999元
2022-08-16,1655,0,100251183595,Apple iPhone,手机通讯,Apple,8999元
2022-08-17,1441,0,100251183595,Apple iPhone,手机通讯,Apple,8999元
2022-08-18,1544,0,100251183595,Apple iPhone,手机通讯,Apple,8999元
2022-08-19,1809,0,100251183595,Apple iPhone,手机通讯,Apple,8999元
2022-08-20,1913,0,100251183595,Apple iPhone,手机通讯,Apple,8999元
2022-08-21,1786,0,100251183595,Apple iPhone,手机通讯,Apple,8999元
2022-08-22,1662,0,100251183595,Apple iPhone,手机通讯,Apple,8999元
2022-08-23,1714,0,100251183595,Apple iPhone,手机通讯,Apple,8999元
2022-08-24,1580,0,100251183595,Apple iPhone,手机通讯,Apple,8999元
2022-08-25,1470,0,100251183595,Apple iPhone,手机通讯,Apple,8999元
2022-08-26,1578,0,100251183595,Apple iPhone,手机通讯,Apple,8999元
2022-08-27,1859,0,100251183595,Apple iPhone,手机通讯,Apple,8999元
2022-08-28,1727,0,100251183595,Apple iPhone,手机通讯,Apple,8999元
2022-08-29,1717,0,100251183595,Apple iPhone,手机通讯,Apple,8999元
2022-08-30,1655,0,100251183595,Apple iPhone,手机通讯,Apple,8999元
2022-08-31,1556,0,100251183595,Apple iPhone,手机通讯,Apple,8999元
2022-09-01,1721,0,100251183595,Apple iPhone,手机通讯,Apple,8999元
2022-09-02,1537,0,100251183595,Apple iPhone,手机通讯,Apple,8999元
2022-09-03,1825,0,100251183595,Apple iPhone,手机通讯,Apple,8999元
2022-09-04,1799,0,100251183595,Apple iPhone,手机通讯,Apple,8999元
2022-09-05,1604,0,100251183595,Apple iPhone,手机通讯,Apple,8999元
2022-09-06,1698,0,100251183595,Apple iPhone,手机通讯,Apple,8999元
2022-09-07,1655,0,100251183595,Apple iPhone,手机通讯,Apple,8999元
2022-09-08,1531,0,100251183595,Apple iPhone,手机通讯,Apple,8999元
2022-09-09,1533,0,100251183595,Apple iPhone,手机通讯,Apple,8999元
2022-09-10,3859,1,100251183595,Apple iPhone,手机通讯,Apple,8999元
2022-09-11,3586,1,100251183595,Apple iPhone,手机通讯,Apple,8999元
2022-09-12,3423,1,100251183595,Apple iPhone,手机通讯,Apple,8999元
2022-09-13,3267,1,100251183595,Apple iPhone,手机通讯,Apple,8999元
2022-09-14,3248,1,100251183595,Apple iPhone,手机通讯,Apple,8999元
2022-09-15,3229,1,100251183595,Apple iPhone,手机通讯,Apple,8999元
2022-09-16,3627,1,100251183595,Apple iPhone,手机通讯,Apple,8999元
2022-09-17,3613,1,100251183595,Apple iPhone,手机通讯,Apple,8999元
2022-09-18,3863,1,100251183595,Apple iPhone,手机通讯,Apple,8999元
2022-09-19,3614,1,100251183595,Apple iPhone,手机通讯,Apple,8999元
2022-09-20,3302,1,100251183595,Apple iPhone,手机通讯,Apple,8999元
2022-09-21,3949,1,100251183595,Apple iPhone,手机通讯,Apple,8999元
2022-09-22,3785,1,100251183595,Apple iPhone,手机通讯,Apple,8999元
2022-09-23,3582,1,100251183595,Apple iPhone,手机通讯,Apple,8999元
2022-09-24,4009,1,100251183595,Apple iPhone,手机通讯,Apple,8999元
2022-09-25,3653,1,100251183595,Apple iPhone,手机通讯,Apple,8999元
2022-09-26,1628,0,100251183595,Apple iPhone,手机通讯,Apple,8999元
2022-09-27,1590,0,100251183595,Apple iPhone,手机通讯,Apple,8999元
2022-09-28,1621,0,100251183595,Apple iPhone,手机通讯,Apple,8999元
2022-09-29,1717,0,100251183595,Apple iPhone,手机通讯,Apple,8999元
2022-09-30,1683,0,100251183595,Apple iPhone,手机通讯,Apple,8999元
2022-10-01,1712,0,100251183595,Apple iPhone,手机通讯,Apple,8999元
2022-10-02,1699,0,100251183595,Apple iPhone,手机通讯,Apple,8999元
2022-10-03,1486,0,100251183595,Apple iPhone,手机通讯,Apple,8999元
2022-10-04,1558,0,100251183595,Apple iPhone,手机通讯,Apple,8999元
2022-10-05,1685,0,100251183595,Apple iPhone,手机通讯,Apple,8999元
2022-10-06,1503,0,100251183595,Apple iPhone,手机通讯,Apple,8999元
2022-10-07,1478,0,100251183595,Apple iPhone,手机通讯,Apple,8999元
2022-10-08,1720,0,100251183595,Apple iPhone,手机通讯,Apple,8999元
2022-10-09,1572,0,100251183595,Apple iPhone,手机通讯,Apple,8999元
2022-10-10,1431,0,100251183595,Apple iPhone,手机通讯,Apple,8999元
2022-10-11,1450,0,100251183595,Apple iPhone,手机通讯,Apple,8999元
2022-10-12,1420,0,100251183595,Apple iPhone,手机通讯,Apple,8999元
2022-10-13,1428,0,100251183595,Apple iPhone,手机通讯,Apple,8999元
2022-10-14,1540,0,100251183595,Apple iPhone,手机通讯,Apple,8999元
2022-10-15,1489,0,100251183595,Apple iPhone,手机通讯,Apple,8999元
2022-10-16,1488,0,100251183595,Apple iPhone,手机通讯,Apple,8999元
2022-10-17,1456,0,100251183595,Apple iPhone,手机通讯,Apple,8999元
2022-10-18,1614,0,100251183595,Apple iPhone,手机通讯,Apple,8999元
2022-10-19,1539,0,100251183595,Apple iPhone,手机通讯,Apple,8999元
2022-10-20,1528,0,100251183595,Apple iPhone,手机通讯,Apple,8999元
2022-10-21,1544,0,100251183595,Apple iPhone,手机通讯,Apple,8999元
2022-10-22,1555,0,100251183595,Apple iPhone,手机通讯,Apple,8999元
2022-10-23,1638,0,100251183595,Apple iPhone,手机通讯,Apple,8999元
2022-10-24,1619,0,100251183595,Apple iPhone,手机通讯,Apple,8999元
2022-10-25,1491,0,100251183595,Apple iPhone,手机通讯,Apple,8999元
2022-10-26,1640,0,100251183595,Apple iPhone,手机通讯,Apple,8999元
2022-10-27,1532,0,100251183595,Apple iPhone,手机通讯,Apple,8999元
2022-10-28,1659,0,100251183595,Apple iPhone,手机通讯,Apple,8999元
2022-10-29,1893,0,100251183595,Apple iPhone,手机通讯,Apple,8999元
2022-10-30,1702,0,100251183595,Apple iPhone,手机通讯,Apple,8999元
2022-10-31,1529,0,100251183595,Apple iPhone,手机通讯,Apple,8999元
2022-11-01,4238,1,100251183595,Apple iPhone,手机通讯,Apple,8999元
2022-11-02,4279,1,100251183595,Apple iPhone,手机通讯,Apple,8999元
2022-11-03,4384,1,100251183595,Apple iPhone,手机通讯,Apple,8999元
2022-11-04,4914,1,100251183595,Apple iPhone,手机通讯,Apple,8999元
2022-11-05,5606,1,100251183595,Apple iPhone,手机通讯,Apple,8999元
2022-11-06,5649,1,100251183595,Apple iPhone,手机通讯,Apple,8999元
2022-11-07,5746,1,100251183595,Apple iPhone,手机通讯,Apple,8999元
2022-11-08,6266,1,100251183595,Apple iPhone,手机通讯,Apple,8999元
2022-11-09,6653,1,100251183595,Apple iPhone,手机通讯,Apple,8999元
2022-11-10,6841,1,100251183595,Apple iPhone,手机通讯,Apple,8999元
2022-11-11,7135,1,100251183595,Apple iPhone,手机通讯,Apple,8999元
2022-11-12,6933,1,100251183595,Apple iPhone,手机通讯,Apple,8999元
2022-11-13,7003,1,100251183595,Apple iPhone,手机通讯,Apple,8999元
2022-11-14,6105,1,100251183595,Apple iPhone,手机通讯,Apple,8999元
2022-11-15,6111,1,100251183595,Apple iPhone,手机通讯,Apple,8999元
2022-11-16,1485,0,100251183595,Apple iPhone,手机通讯,Apple,8999元
2022-11-17,1698,0,100251183595,Apple iPhone,手机通讯,Apple,8999元
2022-11-18,1592,0,100251183595,Apple iPhone,手机通讯,Apple,8999元
2022-11-19,1801,0,100251183595,Apple iPhone,手机通讯,Apple,8999元
2022-11-20,1858,0,100251183595,Apple iPhone,手机通讯,Apple,8999元
2022-11-21,1791,0,100251183595,Apple iPhone,手机通讯,Apple,8999元
2022-11-22,2011,0,100251183595,Apple iPhone,手机通讯,Apple,8999元
2022-11-23,1978,0,100251183595,Apple iPhone,手机通讯,Apple,8999元
2022-11-24,1787,0,100251183595,Apple iPhone,手机通讯,Apple,8999元
2022-11-25,1853,0,100251183595,Apple iPhone,手机通讯,Apple,8999元
2022-11-26,1961,0,100251183595,Apple iPhone,手机通讯,Apple,8999元
2022-11-27,1758,0,100251183595,Apple iPhone,手机通讯,Apple,8999元
2022-11-28,1720,0,100251183595,Apple iPhone,手机通讯,Apple,8999元
2022-11-29,1872,0,100251183595,Apple iPhone,手机通讯,Apple,8999元
2022-11-30,1712,0,100251183595,Apple iPhone,手机通讯,Apple,8999元
2022-12-01,1853,0,100251183595,Apple iPhone,手机通讯,Apple,8999元
2022-12-02,1886,0,100251183595,Apple iPhone,手机通讯,Apple,8999元
2022-12-03,2038,0,100251183595,Apple iPhone,手机通讯,Apple,8999元
2022-12-04,2165,0,100251183595,Apple iPhone,手机通讯,Apple,8999元
2022-12-05,2088,0,100251183595,Apple iPhone,手机通讯,Apple,8999元
2022-12-06,1966,0,100251183595,Apple iPhone,手机通讯,Apple,8999元
2022-12-07,2731,1,100251183595,Apple iPhone,手机通讯,Apple,8999元
2022-12-08,1965,0,100251183595,Apple iPhone,手机通讯,Apple,8999元
2022-12-09,2098,0,100251183595,Apple iPhone,手机通讯,Apple,8999元
2022-12-10,2097,0,100251183595,Apple iPhone,手机通讯,Apple,8999元
2022-12-11,2117,0,100251183595,Apple iPhone,手机通讯,Apple,8999元
2022-12-12,2011,0,100251183595,Apple iPhone,手机通讯,Apple,8999元
2022-12-13,2124,0,100251183595,Apple iPhone,手机通讯,Apple,8999元
2022-12-14,2021,0,100251183595,Apple iPhone,手机通讯,Apple,8999元
2022-12-15,2225,0,100251183595,Apple iPhone,手机通讯,Apple,8999元
2022-12-16,2087,0,100251183595,Apple iPhone,手机通讯,Apple,8999元
2022-12-17,2196,0,100251183595,Apple iPhone,手机通讯,Apple,8999元
2022-12-18,2221,0,100251183595,Apple iPhone,手机通讯,Apple,8999元
2022-12-19,2061,0,100251183595,Apple iPhone,手机通讯,Apple,8999元
2022-12-20,1972,0,100251183595,Apple iPhone,手机通讯,Apple,8999元
2022-12-21,2061,0,100251183595,Apple iPhone,手机通讯,Apple,8999元
2022-12-22,1989,0,100251183595,Apple iPhone,手机通讯,Apple,8999元
2022-12-23,2086,0,100251183595,Apple iPhone,手机通讯,Apple,8999元
2022-12-24,2336,0,100251183595,Apple iPhone,手机通讯,Apple,8999元
2022-12-25,2428,0,100251183595,Apple iPhone,手机通讯,Apple,8999元
2022-12-26,1983,0,100251183595,Apple iPhone,手机通讯,Apple,8999元
2022-12-27,2234,0,100251183595,Apple iPhone,手机通讯,Apple,8999元
2022-12-28,2912,1,100251183595,Apple iPhone,手机通讯,Apple,8999元
2022-12-29,2058,0,100251183595,Apple iPhone,手机通讯,Apple,8999元
2022-12-30,2199,0,100251183595,Apple iPhone,手机通讯,Apple,8999元
2022-12-31,2362,0,100251183595,Apple iPhone,手机通讯,Apple,8999元
2023-01-01,2246,0,100251183595,Apple iPhone,手机通讯,Apple,8999元
2023-01-02,2145,0,100251183595,Apple iPhone,手机通讯,Apple,8999元
2023-01-03,2105,0,100251183595,Apple iPhone,手机通讯,Apple,8999元
2023-01-04,2745,1,100251183595,Apple iPhone,手机通讯,Apple,8999元
2023-01-05,2127,0,100251183595,Apple iPhone,手机通讯,Apple,8999元
2023-01-06,2001,0,100251183595,Apple iPhone,手机通讯,Apple,8999元
2023-01-07,2290,0,100251183595,Apple iPhone,手机通讯,Apple,8999元
2023-01-08,2215,0,100251183595,Apple iPhone,手机通讯,Apple,8999元
2023-01-09,2199,0,100251183595,Apple iPhone,手机通讯,Apple,8999元
2023-01-10,2256,0,100251183595,Apple iPhone,手机通讯,Apple,8999元
2023-01-11,2191,0,100251183595,Apple iPhone,手机通讯,Apple,8999元
2023-01-12,2115,0,100251183595,Apple iPhone,手机通讯,Apple,8999元
2023-01-13,2202,0,100251183595,Apple iPhone,手机通讯,Apple,8999元
2023-01-14,2223,0,100251183595,Apple iPhone,手机通讯,Apple,8999元
2023-01-15,2180,0,100251183595,Apple iPhone,手机通讯,Apple,8999元
2023-01-16,1944,0,100251183595,Apple iPhone,手机通讯,Apple,8999元
2023-01-17,2113,0,100251183595,Apple iPhone,手机通讯,Apple,8999元
2023-01-18,2196,0,100251183595,Apple iPhone,手机通讯,Apple,8999元
2023-01-19,2201,0,100251183595,Apple iPhone,手机通讯,Apple,8999元
2023-01-20,2112,0,100251183595,Apple iPhone,手机通讯,Apple,8999元
2023-01-21,2185,0,100251183595,Apple iPhone,手机通讯,Apple,8999元
2023-01-22,2243,0,100251183595,Apple iPhone,手机通讯,Apple,8999元
2023-01-23,2162,0,100251183595,Apple iPhone,手机通讯,Apple,8999元
2023-01-24,2166,0,100251183595,Apple iPhone,手机通讯,Apple,8999元
2023-01-25,2155,0,100251183595,Apple iPhone,手机通讯,Apple,8999元
2023-01-26,2100,0,100251183595,Apple iPhone,手机通讯,Apple,8999元
2023-01-27,2060,0,100251183595,Apple iPhone,手机通讯,Apple,8999元
2023-01-28,2364,0,100251183595,Apple iPhone,手机通讯,Apple,8999元
2023-01-29,2224,0,100251183595,Apple iPhone,手机通讯,Apple,8999元
2023-01-30,2097,0,100251183595,Apple iPhone,手机通讯,Apple,8999元
2023-01-31,2730,1,100251183595,Apple iPhone,手机通讯,Apple,8999元
2023-02-01,1564,0,100251183595,Apple iPhone,手机通讯,Apple,8999元
2023-02-02,1770,0,100251183595,Apple iPhone,手机通讯,Apple,8999元
2023-02-03,1803,0,100251183595,Apple iPhone,手机通讯,Apple,8999元
2023-02-04,2000,0,100251183595,Apple iPhone,手机通讯,Apple,8999元
2023-02-05,1890,0,100251183595,Apple iPhone,手机通讯,Apple,8999元
2023-02-06,1753,0,100251183595,Apple iPhone,手机通讯,Apple,8999元
2023-02-07,1524,0,100251183595,Apple iPhone,手机通讯,Apple,8999元
2023-02-08,1839,0,100251183595,Apple iPhone,手机通讯,Apple,8999元
2023-02-09,1627,0,100251183595,Apple iPhone,手机通讯,Apple,8999元
2023-02-10,1869,0,100251183595,Apple iPhone,手机通讯,Apple,8999元
2023-02-11,2064,0,100251183595,Apple iPhone,手机通讯,Apple,8999元
2023-02-12,1752,0,100251183595,Apple iPhone,手机通讯,Apple,8999元
2023-02-13,1790,0,100251183595,Apple iPhone,手机通讯,Apple,8999元
2023-02-14,1910,0,100251183595,Apple iPhone,手机通讯,Apple,8999元
2023-02-15,1765,0,100251183595,Apple iPhone,手机通讯,Apple,8999元
2023-02-16,1770,0,100251183595,Apple iPhone,手机通讯,Apple,8999元
2023-02-17,1718,0,100251183595,Apple iPhone,手机通讯,Apple,8999元
2023-02-18,1730,0,100251183595,Apple iPhone,手机通讯,Apple,8999元
2023-02-19,1704,0,100251183595,Apple iPhone,手机通讯,Apple,8999元
2023-02-20,1849,0,100251183595,Apple iPhone,手机通讯,Apple,8999元
2023-02-21,2036,0,100251183595,Apple iPhone,手机通讯,Apple,8999元
2023-02-22,2063,0,100251183595,Apple iPhone,手机通讯,Apple,8999元
2023-02-23,2141,0,100251183595,Apple iPhone,手机通讯,Apple,8999元
2023-02-24,2262,0,100251183595,Apple iPhone,手机通讯,Apple,8999元
2023-02-25,2215,0,100251183595,Apple iPhone,手机通讯,Apple,8999元
2023-02-26,2255,0,100251183595,Apple iPhone,手机通讯,Apple,8999元
2023-02-27,2136,0,100251183595,Apple iPhone,手机通讯,Apple,8999元
2023-02-28,2012,0,100251183595,Apple iPhone,手机通讯,Apple,8999元
2023-03-01,2119,0,100251183595,Apple iPhone,手机通讯,Apple,8999元
2023-03-02,2195,0,100251183595,Apple iPhone,手机通讯,Apple,8999元
2023-03-03,2223,0,100251183595,Apple iPhone,手机通讯,Apple,8999元
2023-03-04,2161,0,100251183595,Apple iPhone,手机通讯,Apple,8999元
2023-03-05,2282,0,100251183595,Apple iPhone,手机通讯,Apple,8999元
2023-03-06,2083,0,100251183595,Apple iPhone,手机通讯,Apple,8999元
2023-03-07,2139,0,100251183595,Apple iPhone,手机通讯,Apple,8999元
2023-03-08,2136,0,100251183595,Apple iPhone,手机通讯,Apple,8999元
2023-03-09,2212,0,100251183595,Apple iPhone,手机通讯,Apple,8999元
2023-03-10,2969,1,100251183595,Apple iPhone,手机通讯,Apple,8999元
2023-03-11,2269,0,100251183595,Apple iPhone,手机通讯,Apple,8999元
2023-03-12,2432,0,100251183595,Apple iPhone,手机通讯,Apple,8999元
2023-03-13,2154,0,100251183595,Apple iPhone,手机通讯,Apple,8999元
2023-03-14,2243,0,100251183595,Apple iPhone,手机通讯,Apple,8999元
2023-03-15,2123,0,100251183595,Apple iPhone,手机通讯,Apple,8999元
2023-03-16,2037,0,100251183595,Apple iPhone,手机通讯,Apple,8999元
2023-03-17,2041,0,100251183595,Apple iPhone,手机通讯,Apple,8999元
2023-03-18,2063,0,100251183595,Apple iPhone,手机通讯,Apple,8999元
2023-03-19,2295,0,100251183595,Apple iPhone,手机通讯,Apple,8999元
2023-03-20,2214,0,100251183595,Apple iPhone,手机通讯,Apple,8999元
2023-03-21,2307,0,100251183595,Apple iPhone,手机通讯,Apple,8999元
2023-03-22,2178,0,100251183595,Apple iPhone,手机通讯,Apple,8999元
2023-03-23,2246,0,100251183595,Apple iPhone,手机通讯,Apple,8999元
2023-03-24,1985,0,100251183595,Apple iPhone,手机通讯,Apple,8999元
2023-03-25,2123,0,100251183595,Apple iPhone,手机通讯,Apple,8999元
2023-03-26,2180,0,100251183595,Apple iPhone,手机通讯,Apple,8999元
2023-03-27,2197,0,100251183595,Apple iPhone,手机通讯,Apple,8999元
2023-03-28,2157,0,100251183595,Apple iPhone,手机通讯,Apple,8999元
2023-03-29,2156,0,100251183595,Apple iPhone,手机通讯,Apple,8999元
2023-03-30,2187,0,100251183595,Apple iPhone,手机通讯,Apple,8999元
2023-03-31,2163,0,100251183595,Apple iPhone,手机通讯,Apple,8999元
2023-04-01,2466,0,100251183595,Apple iPhone,手机通讯,Apple,8999元
2023-04-02,2350,0,100251183595,Apple iPhone,手机通讯,Apple,8999元
2023-04-03,2140,0,100251183595,Apple iPhone,手机通讯,Apple,8999元
2023-04-04,2173,0,100251183595,Apple iPhone,手机通讯,Apple,8999元
2023-04-05,2488,1,100251183595,Apple iPhone,手机通讯,Apple,8999元
2023-04-06,2032,0,100251183595,Apple iPhone,手机通讯,Apple,8999元
2023-04-07,1891,0,100251183595,Apple iPhone,手机通讯,Apple,8999元
2023-04-08,2167,0,100251183595,Apple iPhone,手机通讯,Apple,8999元
2023-04-09,1985,0,100251183595,Apple iPhone,手机通讯,Apple,8999元
2023-04-10,2033,0,100251183595,Apple iPhone,手机通讯,Apple,8999元
2023-04-11,1920,0,100251183595,Apple iPhone,手机通讯,Apple,8999元
2023-04-12,2028,0,100251183595,Apple iPhone,手机通讯,Apple,8999元
2023-04-13,1966,0,100251183595,Apple iPhone,手机通讯,Apple,8999元
2023-04-14,1785,0,100251183595,Apple iPhone,手机通讯,Apple,8999元
2023-04-15,2119,0,100251183595,Apple iPhone,手机通讯,Apple,8999元
2023-04-16,1945,0,100251183595,Apple iPhone,手机通讯,Apple,8999元
2023-04-17,2014,0,100251183595,Apple iPhone,手机通讯,Apple,8999元
2023-04-18,1913,0,100251183595,Apple iPhone,手机通讯,Apple,8999元
2023-04-19,2063,0,100251183595,Apple iPhone,手机通讯,Apple,8999元
2023-04-20,1912,0,100251183595,Apple iPhone,手机通讯,Apple,8999元
2023-04-21,1874,0,100251183595,Apple iPhone,手机通讯,Apple,8999元
2023-04-22,2085,0,100251183595,Apple iPhone,手机通讯,Apple,8999元
2023-04-23,2086,0,100251183595,Apple iPhone,手机通讯,Apple,8999元
2023-04-24,2105,0,100251183595,Apple iPhone,手机通讯,Apple,8999元
2023-04-25,1921,0,100251183595,Apple iPhone,手机通讯,Apple,8999元
2023-04-26,2013,0,100251183595,Apple iPhone,手机通讯,Apple,8999元
2023-04-27,1813,0,100251183595,Apple iPhone,手机通讯,Apple,8999元
2023-04-28,1790,0,100251183595,Apple iPhone,手机通讯,Apple,8999元
2023-04-29,1923,0,100251183595,Apple iPhone,手机通讯,Apple,8999元
2023-04-30,1776,0,100251183595,Apple iPhone,手机通讯,Apple,8999元
2023-05-01,2261,1,100251183595,Apple iPhone,手机通讯,Apple,8999元
2023-05-02,1855,0,100251183595,Apple iPhone,手机通讯,Apple,8999元
2023-05-03,1865,0,100251183595,Apple iPhone,手机通讯,Apple,8999元
2023-05-04,1875,0,100251183595,Apple iPhone,手机通讯,Apple,8999元
2023-05-05,2060,0,100251183595,Apple iPhone,手机通讯,Apple,8999元
2023-05-06,2179,0,100251183595,Apple iPhone,手机通讯,Apple,8999元
2023-05-07,2153,0,100251183595,Apple iPhone,手机通讯,Apple,8999元
2023-05-08,1913,0,100251183595,Apple iPhone,手机通讯,Apple,8999元
2023-05-09,1802,0,100251183595,Apple iPhone,手机通讯,Apple,8999元
2023-05-10,1932,0,100251183595,Apple iPhone,手机通讯,Apple,8999元
2023-05-11,1892,0,100251183595,Apple iPhone,手机通讯,Apple,8999元
2023-05-12,1840,0,100251183595,Apple iPhone,手机通讯,Apple,8999元
2023-05-13,1957,0,100251183595,Apple iPhone,手机通讯,Apple,8999元
2023-05-14,1984,0,100251183595,Apple iPhone,手机通讯,Apple,8999元
2023-05-15,1848,0,100251183595,Apple iPhone,手机通讯,Apple,8999元
2023-05-16,1843,0,100251183595,Apple iPhone,手机通讯,Apple,8999元
2023-05-17,1895,0,100251183595,Apple iPhone,手机通讯,Apple,8999元
2023-05-18,1819,0,100251183595,Apple iPhone,手机通讯,Apple,8999元
2023-05-19,1952,0,100251183595,Apple iPhone,手机通讯,Apple,8999元
2023-05-20,2173,0,100251183595,Apple iPhone,手机通讯,Apple,8999元
2023-05-21,2070,0,100251183595,Apple iPhone,手机通讯,Apple,8999元
2023-05-22,2816,1,100251183595,Apple iPhone,手机通讯,Apple,8999元
2023-05-23,2084,0,100251183595,Apple iPhone,手机通讯,Apple,8999元
2023-05-24,2182,0,100251183595,Apple iPhone,手机通讯,Apple,8999元
2023-05-25,1927,0,100251183595,Apple iPhone,手机通讯,Apple,8999元
2023-05-26,2051,0,100251183595,Apple iPhone,手机通讯,Apple,8999元
2023-05-27,2219,0,100251183595,Apple iPhone,手机通讯,Apple,8999元
2023-05-28,2008,0,100251183595,Apple iPhone,手机通讯,Apple,8999元
2023-05-29,1920,0,100251183595,Apple iPhone,手机通讯,Apple,8999元
2023-05-30,2044,0,100251183595,Apple iPhone,手机通讯,Apple,8999元
2023-05-31,2098,0,100251183595,Apple iPhone,手机通讯,Apple,8999元
2023-06-01,3549,1,100251183595,Apple iPhone,手机通讯,Apple,8999元
2023-06-02,4250,1,100251183595,Apple iPhone,手机通讯,Apple,8999元
2023-06-03,4335,1,100251183595,Apple iPhone,手机通讯,Apple,8999元
2023-06-04,4772,1,100251183595,Apple iPhone,手机通讯,Apple,8999元
2023-06-05,4781,1,100251183595,Apple iPhone,手机通讯,Apple,8999元
2023-06-06,4863,1,100251183595,Apple iPhone,手机通讯,Apple,8999元
2023-06-07,5323,1,100251183595,Apple iPhone,手机通讯,Apple,8999元
2023-06-08,5429,1,100251183595,Apple iPhone,手机通讯,Apple,8999元
2023-06-09,5680,1,100251183595,Apple iPhone,手机通讯,Apple,8999元
2023-06-10,5773,1,100251183595,Apple iPhone,手机通讯,Apple,8999元
2023-06-11,6273,1,100251183595,Apple iPhone,手机通讯,Apple,8999元
2023-06-12,6735,1,100251183595,Apple iPhone,手机通讯,Apple,8999元
2023-06-13,6631,1,100251183595,Apple iPhone,手机通讯,Apple,8999元
2023-06-14,7018,1,100251183595,Apple iPhone,手机通讯,Apple,8999元
2023-06-15,6600,1,100251183595,Apple iPhone,手机通讯,Apple,8999元
2023-06-16,7266,1,100251183595,Apple iPhone,手机通讯,Apple,8999元
2023-06-17,7368,1,100251183595,Apple iPhone,手机通讯,Apple,8999元
2023-06-18,7533,1,100251183595,Apple iPhone,手机通讯,Apple,8999元
2023-06-19,7386,1,100251183595,Apple iPhone,手机通讯,Apple,8999元
2023-06-20,7609,1,100251183595,Apple iPhone,手机通讯,Apple,8999元
2023-06-21,1964,0,100251183595,Apple iPhone,手机通讯,Apple,8999元
2023-06-22,2018,0,100251183595,Apple iPhone,手机通讯,Apple,8999元
2023-06-23,2732,1,100251183595,Apple iPhone,手机通讯,Apple,8999元
2023-06-24,2062,0,100251183595,Apple iPhone,手机通讯,Apple,8999元
2023-06-25,2203,0,100251183595,Apple iPhone,手机通讯,Apple,8999元
2023-06-26,1988,0,100251183595,Apple iPhone,手机通讯,Apple,8999元
2023-06-27,2027,0,100251183595,Apple iPhone,手机通讯,Apple,8999元
2023-06-28,1950,0,100251183595,Apple iPhone,手机通讯,Apple,8999元
2023-06-29,2148,0,100251183595,Apple iPhone,手机通讯,Apple,8999元
2023-06-30,1875,0,100251183595,Apple iPhone,手机通讯,Apple,8999元
2023-07-01,2203,0,100251183595,Apple iPhone,手机通讯,Apple,8999元
2023-07-02,2165,0,100251183595,Apple iPhone,手机通讯,Apple,8999元
2023-07-03,1986,0,100251183595,Apple iPhone,手机通讯,Apple,8999元
2023-07-04,2097,0,100251183595,Apple iPhone,手机通讯,Apple,8999元
2023-07-05,1848,0,100251183595,Apple iPhone,手机通讯,Apple,8999元
2023-07-06,2018,0,100251183595,Apple iPhone,手机通讯,Apple,8999元
2023-07-07,1949,0,100251183595,Apple iPhone,手机通讯,Apple,8999元
2023-07-08,1948,0,100251183595,Apple iPhone,手机通讯,Apple,8999元
2023-07-09,2095,0,100251183595,Apple iPhone,手机通讯,Apple,8999元
2023-07-10,1910,0,100251183595,Apple iPhone,手机通讯,Apple,8999元
2023-07-11,1827,0,100251183595,Apple iPhone,手机通讯,Apple,8999元
2023-07-12,1830,0,100251183595,Apple iPhone,手机通讯,Apple,8999元
2023-07-13,1805,0,100251183595,Apple iPhone,手机通讯,Apple,8999元
2023-07-14,1759,0,100251183595,Apple iPhone,手机通讯,Apple,8999元
2023-07-15,2151,0,100251183595,Apple iPhone,手机通讯,Apple,8999元
2023-07-16,1999,0,100251183595,Apple iPhone,手机通讯,Apple,8999元
2023-07-17,1932,0,100251183595,Apple iPhone,手机通讯,Apple,8999元
2023-07-18,1875,0,100251183595,Apple iPhone,手机通讯,Apple,8999元
2023-07-19,1705,0,100251183595,Apple iPhone,手机通讯,Apple,8999元
2023-07-20,1797,0,100251183595,Apple iPhone,手机通讯,Apple,8999元
2023-07-21,1913,0,100251183595,Apple iPhone,手机通讯,Apple,8999元
2023-07-22,1913,0,100251183595,Apple iPhone,手机通讯,Apple,8999元
2023-07-23,2016,0,100251183595,Apple iPhone,手机通讯,Apple,8999元
2023-07-24,1915,0,100251183595,Apple iPhone,手机通讯,Apple,8999元
2023-07-25,1830,0,100251183595,Apple iPhone,手机通讯,Apple,8999元
2023-07-26,1825,0,100251183595,Apple iPhone,手机通讯,Apple,8999元
2023-07-27,1684,0,100251183595,Apple iPhone,手机通讯,Apple,8999元
2023-07-28,1750,0,100251183595,Apple iPhone,手机通讯,Apple,8999元
2023-07-29,1833,0,100251183595,Apple iPhone,手机通讯,Apple,8999元
2023-07-30,2039,0,100251183595,Apple iPhone,手机通讯,Apple,8999元
2023-07-31,1618,0,100251183595,Apple iPhone,手机通讯,Apple,8999元
2023-08-01,1714,0,100251183595,Apple iPhone,手机通讯,Apple,8999元
2023-08-02,1744,0,100251183595,Apple iPhone,手机通讯,Apple,8999元
2023-08-03,1710,0,100251183595,Apple iPhone,手机通讯,Apple,8999元
2023-08-04,1878,0,100251183595,Apple iPhone,手机通讯,Apple,8999元
2023-08-05,1943,0,100251183595,Apple iPhone,手机通讯,Apple,8999元
2023-08-06,1869,0,100251183595,Apple iPhone,手机通讯,Apple,8999元
2023-08-07,1693,0,100251183595,Apple iPhone,手机通讯,Apple,8999元
2023-08-08,1777,0,100251183595,Apple iPhone,手机通讯,Apple,8999元
2023-08-09,1861,0,100251183595,Apple iPhone,手机通讯,Apple,8999元
2023-08-10,1837,0,100251183595,Apple iPhone,手机通讯,Apple,8999元
2023-08-11,1695,0,100251183595,Apple iPhone,手机通讯,Apple,8999元
2023-08-12,1673,0,100251183595,Apple iPhone,手机通讯,Apple,8999元
2023-08-13,1785,0,100251183595,Apple iPhone,手机通讯,Apple,8999元
2023-08-14,1624,0,100251183595,Apple iPhone,手机通讯,Apple,8999元
2023-08-15,1761,0,100251183595,Apple iPhone,手机通讯,Apple,8999元
2023-08-16,2306,1,100251183595,Apple iPhone,手机通讯,Apple,8999元
2023-08-17,1670,0,100251183595,Apple iPhone,手机通讯,Apple,8999元
2023-08-18,1489,0,100251183595,Apple iPhone,手机通讯,Apple,8999元
2023-08-19,1967,0,100251183595,Apple iPhone,手机通讯,Apple,8999元
2023-08-20,1872,0,100251183595,Apple iPhone,手机通讯,Apple,8999元
2023-08-21,1715,0,100251183595,Apple iPhone,手机通讯,Apple,8999元
2023-08-22,1667,0,100251183595,Apple iPhone,手机通讯,Apple,8999元
2023-08-23,1810,0,100251183595,Apple iPhone,手机通讯,Apple,8999元
2023-08-24,1471,0,100251183595,Apple iPhone,手机通讯,Apple,8999元
2023-08-25,1674,0,100251183595,Apple iPhone,手机通讯,Apple,8999元
2023-08-26,1918,0,100251183595,Apple iPhone,手机通讯,Apple,8999元
2023-08-27,1868,0,100251183595,Apple iPhone,手机通讯,Apple,8999元
2023-08-28,2259,1,100251183595,Apple iPhone,手机通讯,Apple,8999元
2023-08-29,1698,0,100251183595,Apple iPhone,手机通讯,Apple,8999元
2023-08-30,1713,0,100251183595,Apple iPhone,手机通讯,Apple,8999元
2023-08-31,1775,0,100251183595,Apple iPhone,手机通讯,Apple,8999元
2023-09-01,1845,0,100251183595,Apple iPhone,手机通讯,Apple,8999元
2023-09-02,1719,0,100251183595,Apple iPhone,手机通讯,Apple,8999元
2023-09-03,1726,0,100251183595,Apple iPhone,手机通讯,Apple,8999元
2023-09-04,1762,0,100251183595,Apple iPhone,手机通讯,Apple,8999元
2023-09-05,2390,1,100251183595,Apple iPhone,手机通讯,Apple,8999元
2023-09-06,1547,0,100251183595,Apple iPhone,手机通讯,Apple,8999元
2023-09-07,1646,0,100251183595,Apple iPhone,手机通讯,Apple,8999元
2023-09-08,2427,1,100251183595,Apple iPhone,手机通讯,Apple,8999元
2023-09-09,1913,0,100251183595,Apple iPhone,手机通讯,Apple,8999元
2023-09-10,4001,1,100251183595,Apple iPhone,手机通讯,Apple,8999元
2023-09-11,3300,1,100251183595,Apple iPhone,手机通讯,Apple,8999元
2023-09-12,3736,1,100251183595,Apple iPhone,手机通讯,Apple,8999元
2023-09-13,3745,1,100251183595,Apple iPhone,手机通讯,Apple,8999元
2023-09-14,3801,1,100251183595,Apple iPhone,手机通讯,Apple,8999元
2023-09-15,3167,1,100251183595,Apple iPhone,手机通讯,Apple,8999元
2023-09-16,3999,1,100251183595,Apple iPhone,手机通讯,Apple,8999元
2023-09-17,4102,1,100251183595,Apple iPhone,手机通讯,Apple,8999元
2023-09-18,4134,1,100251183595,Apple iPhone,手机通讯,Apple,8999元
2023-09-19,4095,1,100251183595,Apple iPhone,手机通讯,Apple,8999元
2023-09-20,4158,1,100251183595,Apple iPhone,手机通讯,Apple,8999元
2023-09-21,3870,1,100251183595,Apple iPhone,手机通讯,Apple,8999元
2023-09-22,3404,1,100251183595,Apple iPhone,手机通讯,Apple,8999元
2023-09-23,3921,1,100251183595,Apple iPhone,手机通讯,Apple,8999元
2023-09-24,4126,1,100251183595,Apple iPhone,手机通讯,Apple,8999元
2023-09-25,4086,1,100251183595,Apple iPhone,手机通讯,Apple,8999元
2023-09-26,1715,0,100251183595,Apple iPhone,手机通讯,Apple,8999元
2023-09-27,1711,0,100251183595,Apple iPhone,手机通讯,Apple,8999元
2023-09-28,1713,0,100251183595,Apple iPhone,手机通讯,Apple,8999元
2023-09-29,1771,0,100251183595,Apple iPhone,手机通讯,Apple,8999元
2023-09-30,1828,0,100251183595,Apple iPhone,手机通讯,Apple,8999元
2023-10-01,2038,0,100251183595,Apple iPhone,手机通讯,Apple,8999元
2023-10-02,1701,0,100251183595,Apple iPhone,手机通讯,Apple,8999元
2023-10-03,1637,0,100251183595,Apple iPhone,手机通讯,Apple,8999元
2023-10-04,1584,0,100251183595,Apple iPhone,手机通讯,Apple,8999元
2023-10-05,1598,0,100251183595,Apple iPhone,手机通讯,Apple,8999元
2023-10-06,1730,0,100251183595,Apple iPhone,手机通讯,Apple,8999元
2023-10-07,1824,0,100251183595,Apple iPhone,手机通讯,Apple,8999元
2023-10-08,2547,1,100251183595,Apple iPhone,手机通讯,Apple,8999元
2023-10-09,1588,0,100251183595,Apple iPhone,手机通讯,Apple,8999元
2023-10-10,1677,0,100251183595,Apple iPhone,手机通讯,Apple,8999元
2023-10-11,1665,0,100251183595,Apple iPhone,手机通讯,Apple,8999元
2023-10-12,1580,0,100251183595,Apple iPhone,手机通讯,Apple,8999元
2023-10-13,1815,0,100251183595,Apple iPhone,手机通讯,Apple,8999元
2023-10-14,1747,0,100251183595,Apple iPhone,手机通讯,Apple,8999元
2023-10-15,1621,0,100251183595,Apple iPhone,手机通讯,Apple,8999元
2023-10-16,1695,0,100251183595,Apple iPhone,手机通讯,Apple,8999元
2023-10-17,1493,0,100251183595,Apple iPhone,手机通讯,Apple,8999元
2023-10-18,2292,1,100251183595,Apple iPhone,手机通讯,Apple,8999元
2023-10-19,1488,0,100251183595,Apple iPhone,手机通讯,Apple,8999元
2023-10-20,1669,0,100251183595,Apple iPhone,手机通讯,Apple,8999元
2023-10-21,1792,0,100251183595,Apple iPhone,手机通讯,Apple,8999元
2023-10-22,1865,0,100251183595,Apple iPhone,手机通讯,Apple,8999元
2023-10-23,1760,0,100251183595,Apple iPhone,手机通讯,Apple,8999元
2023-10-24,1819,0,100251183595,Apple iPhone,手机通讯,Apple,8999元
2023-10-25,1721,0,100251183595,Apple iPhone,手机通讯,Apple,8999元
2023-10-26,1644,0,100251183595,Apple iPhone,手机通讯,Apple,8999元
2023-10-27,1562,0,100251183595,Apple iPhone,手机通讯,Apple,8999元
2023-10-28,1789,0,100251183595,Apple iPhone,手机通讯,Apple,8999元
2023-10-29,1743,0,100251183595,Apple iPhone,手机通讯,Apple,8999元
2023-10-30,1584,0,100251183595,Apple iPhone,手机通讯,Apple,8999元
2023-10-31,1684,0,100251183595,Apple iPhone,手机通讯,Apple,8999元
2023-11-01,4501,1,100251183595,Apple iPhone,手机通讯,Apple,8999元
2023-11-02,4536,1,100251183595,Apple iPhone,手机通讯,Apple,8999元
2023-11-03,4948,1,100251183595,Apple iPhone,手机通讯,Apple,8999元
2023-11-04,5771,1,100251183595,Apple iPhone,手机通讯,Apple,8999元
2023-11-05,5682,1,100251183595,Apple iPhone,手机通讯,Apple,8999元
2023-11-06,6340,1,100251183595,Apple iPhone,手机通讯,Apple,8999元
2023-11-07,6301,1,100251183595,Apple iPhone,手机通讯,Apple,8999元
2023-11-08,6937,1,100251183595,Apple iPhone,手机通讯,Apple,8999元
2023-11-09,6617,1,100251183595,Apple iPhone,手机通讯,Apple,8999元
2023-11-10,7407,1,100251183595,Apple iPhone,手机通讯,Apple,8999元
2023-11-11,7632,1,100251183595,Apple iPhone,手机通讯,Apple,8999元
2023-11-12,7303,1,100251183595,Apple iPhone,手机通讯,Apple,8999元
2023-11-13,7123,1,100251183595,Apple iPhone,手机通讯,Apple,8999元
2023-11-14,6887,1,100251183595,Apple iPhone,手机通讯,Apple,8999元
2023-11-15,6160,1,100251183595,Apple iPhone,手机通讯,Apple,8999元
2023-11-16,1696,0,100251183595,Apple iPhone,手机通讯,Apple,8999元
2023-11-17,2422,1,100251183595,Apple iPhone,手机通讯,Apple,8999元
2023-11-18,2032,0,100251183595,Apple iPhone,手机通讯,Apple,8999元
2023-11-19,2163,0,100251183595,Apple iPhone,手机通讯,Apple,8999元
2023-11-20,1980,0,100251183595,Apple iPhone,手机通讯,Apple,8999元
2023-11-21,2134,0,100251183595,Apple iPhone,手机通讯,Apple,8999元
2023-11-22,1936,0,100251183595,Apple iPhone,手机通讯,Apple,8999元
2023-11-23,2064,0,100251183595,Apple iPhone,手机通讯,Apple,8999元
2023-11-24,2090,0,100251183595,Apple iPhone,手机通讯,Apple,8999元
2023-11-25,2048,0,100251183595,Apple iPhone,手机通讯,Apple,8999元
2023-11-26,2091,0,100251183595,Apple iPhone,手机通讯,Apple,8999元
2023-11-27,1986,0,100251183595,Apple iPhone,手机通讯,Apple,8999元
2023-11-28,2115,0,100251183595,Apple iPhone,手机通讯,Apple,8999元
2023-11-29,1995,0,100251183595,Apple iPhone,手机通讯,Apple,8999元
2023-11-30,2043,0,100251183595,Apple iPhone,手机通讯,Apple,8999元
2023-12-01,2285,0,100251183595,Apple iPhone,手机通讯,Apple,8999元
2023-12-02,2387,0,100251183595,Apple iPhone,手机通讯,Apple,8999元
2023-12-03,2351,0,100251183595,Apple iPhone,手机通讯,Apple,8999元
2023-12-04,2137,0,100251183595,Apple iPhone,手机通讯,Apple,8999元
2023-12-05,2269,0,100251183595,Apple iPhone,手机通讯,Apple,8999元
2023-12-06,2139,0,100251183595,Apple iPhone,手机通讯,Apple,8999元
2023-12-07,2148,0,100251183595,Apple iPhone,手机通讯,Apple,8999元
2023-12-08,2128,0,100251183595,Apple iPhone,手机通讯,Apple,8999元
2023-12-09,2375,0,100251183595,Apple iPhone,手机通讯,Apple,8999元
2023-12-10,2131,0,100251183595,Apple iPhone,手机通讯,Apple,8999元
2023-12-11,2180,0,100251183595,Apple iPhone,手机通讯,Apple,8999元
2023-12-12,2200,0,100251183595,Apple iPhone,手机通讯,Apple,8999元
2023-12-13,2277,0,100251183595,Apple iPhone,手机通讯,Apple,8999元
2023-12-14,2328,0,100251183595,Apple iPhone,手机通讯,Apple,8999元
2023-12-15,2211,0,100251183595,Apple iPhone,手机通讯,Apple,8999元
2023-12-16,2395,0,100251183595,Apple iPhone,手机通讯,Apple,8999元
2023-12-17,2397,0,100251183595,Apple iPhone,手机通讯,Apple,8999元
2023-12-18,2181,0,100251183595,Apple iPhone,手机通讯,Apple,8999元
2023-12-19,2253,0,100251183595,Apple iPhone,手机通讯,Apple,8999元
2023-12-20,2311,0,100251183595,Apple iPhone,手机通讯,Apple,8999元
2023-12-21,2230,0,100251183595,Apple iPhone,手机通讯,Apple,8999元
2023-12-22,2198,0,100251183595,Apple iPhone,手机通讯,Apple,8999元
2023-12-23,2331,0,100251183595,Apple iPhone,手机通讯,Apple,8999元
2023-12-24,2496,0,100251183595,Apple iPhone,手机通讯,Apple,8999元
2023-12-25,2319,0,100251183595,Apple iPhone,手机通讯,Apple,8999元
2023-12-26,2343,0,100251183595,Apple iPhone,手机通讯,Apple,8999元
2023-12-27,2257,0,100251183595,Apple iPhone,手机通讯,Apple,8999元
2023-12-28,2277,0,100251183595,Apple iPhone,手机通讯,Apple,8999元
2023-12-29,2468,0,100251183595,Apple iPhone,手机通讯,Apple,8999元
2023-12-30,2482,0,100251183595,Apple iPhone,手机通讯,Apple,8999元
2023-12-31,2408,0,100251183595,Apple iPhone,手机通讯,Apple,8999元
2024-01-01,2139,0,100251183595,Apple iPhone,手机通讯,Apple,8999元
2024-01-02,2732,1,100251183595,Apple iPhone,手机通讯,Apple,8999元
2024-01-03,2189,0,100251183595,Apple iPhone,手机通讯,Apple,8999元
2024-01-04,2422,0,100251183595,Apple iPhone,手机通讯,Apple,8999元
2024-01-05,2230,0,100251183595,Apple iPhone,手机通讯,Apple,8999元
2024-01-06,2421,0,100251183595,Apple iPhone,手机通讯,Apple,8999元
2024-01-07,2437,0,100251183595,Apple iPhone,手机通讯,Apple,8999元
2024-01-08,2159,0,100251183595,Apple iPhone,手机通讯,Apple,8999元
2024-01-09,2279,0,100251183595,Apple iPhone,手机通讯,Apple,8999元
2024-01-10,2183,0,100251183595,Apple iPhone,手机通讯,Apple,8999元
2024-01-11,2991,1,100251183595,Apple iPhone,手机通讯,Apple,8999元
2024-01-12,2354,0,100251183595,Apple iPhone,手机通讯,Apple,8999元
2024-01-13,2355,0,100251183595,Apple iPhone,手机通讯,Apple,8999元
2024-01-14,2385,0,100251183595,Apple iPhone,手机通讯,Apple,8999元
2024-01-15,2276,0,100251183595,Apple iPhone,手机通讯,Apple,8999元
2024-01-16,2329,0,100251183595,Apple iPhone,手机通讯,Apple,8999元
2024-01-17,2292,0,100251183595,Apple iPhone,手机通讯,Apple,8999元
2024-01-18,2118,0,100251183595,Apple iPhone,手机通讯,Apple,8999元
2024-01-19,2205,0,100251183595,Apple iPhone,手机通讯,Apple,8999元
2024-01-20,2125,0,100251183595,Apple iPhone,手机通讯,Apple,8999元
2024-01-21,2319,0,100251183595,Apple iPhone,手机通讯,Apple,8999元
2024-01-22,2263,0,100251183595,Apple iPhone,手机通讯,Apple,8999元
2024-01-23,2281,0,100251183595,Apple iPhone,手机通讯,Apple,8999元
2024-01-24,2246,0,100251183595,Apple iPhone,手机通讯,Apple,8999元
2024-01-25,2120,0,100251183595,Apple iPhone,手机通讯,Apple,8999元
2024-01-26,2210,0,100251183595,Apple iPhone,手机通讯,Apple,8999元
2024-01-27,2280,0,100251183595,Apple iPhone,手机通讯,Apple,8999元
2024-01-28,2119,0,100251183595,Apple iPhone,手机通讯,Apple,8999元
2024-01-29,2242,0,100251183595,Apple iPhone,手机通讯,Apple,8999元
2024-01-30,2237,0,100251183595,Apple iPhone,手机通讯,Apple,8999元
2024-01-31,2264,0,100251183595,Apple iPhone,手机通讯,Apple,8999元
2024-02-01,1835,0,100251183595,Apple iPhone,手机通讯,Apple,8999元
2024-02-02,1607,0,100251183595,Apple iPhone,手机通讯,Apple,8999元
2024-02-03,2021,0,100251183595,Apple iPhone,手机通讯,Apple,8999元
2024-02-04,2177,0,100251183595,Apple iPhone,手机通讯,Apple,8999元
2024-02-05,1824,0,100251183595,Apple iPhone,手机通讯,Apple,8999元
2024-02-06,1702,0,100251183595,Apple iPhone,手机通讯,Apple,8999元
2024-02-07,1933,0,100251183595,Apple iPhone,手机通讯,Apple,8999元
2024-02-08,1890,0,100251183595,Apple iPhone,手机通讯,Apple,8999元
2024-02-09,1946,0,100251183595,Apple iPhone,手机通讯,Apple,8999元
2024-02-10,2059,0,100251183595,Apple iPhone,手机通讯,Apple,8999元
2024-02-11,1828,0,100251183595,Apple iPhone,手机通讯,Apple,8999元
2024-02-12,1772,0,100251183595,Apple iPhone,手机通讯,Apple,8999元
2024-02-13,1877,0,100251183595,Apple iPhone,手机通讯,Apple,8999元
2024-02-14,1852,0,100251183595,Apple iPhone,手机通讯,Apple,8999元
2024-02-15,2021,0,100251183595,Apple iPhone,手机通讯,Apple,8999元
2024-02-16,2025,0,100251183595,Apple iPhone,手机通讯,Apple,8999元
2024-02-17,2122,0,100251183595,Apple iPhone,手机通讯,Apple,8999元
2024-02-18,1988,0,100251183595,Apple iPhone,手机通讯,Apple,8999元
2024-02-19,1974,0,100251183595,Apple iPhone,手机通讯,Apple,8999元
2024-02-20,1804,0,100251183595,Apple iPhone,手机通讯,Apple,8999元
2024-02-21,2019,0,100251183595,Apple iPhone,手机通讯,Apple,8999元
2024-02-22,2151,0,100251183595,Apple iPhone,手机通讯,Apple,8999元
2024-02-23,2337,0,100251183595,Apple iPhone,手机通讯,Apple,8999元
2024-02-24,2331,0,100251183595,Apple iPhone,手机通讯,Apple,8999元
2024-02-25,2398,0,100251183595,Apple iPhone,手机通讯,Apple,8999元
2024-02-26,2166,0,100251183595,Apple iPhone,手机通讯,Apple,8999元
2024-02-27,2192,0,100251183595,Apple iPhone,手机通讯,Apple,8999元
2024-02-28,2054,0,100251183595,Apple iPhone,手机通讯,Apple,8999元
2024-02-29,2103,0,100251183595,Apple iPhone,手机通讯,Apple,8999元
2024-03-01,2298,0,100251183595,Apple iPhone,手机通讯,Apple,8999元
2024-03-02,2332,0,100251183595,Apple iPhone,手机通讯,Apple,8999元
2024-03-03,2455,0,100251183595,Apple iPhone,手机通讯,Apple,8999元
2024-03-04,2320,0,100251183595,Apple iPhone,手机通讯,Apple,8999元
2024-03-05,2064,0,100251183595,Apple iPhone,手机通讯,Apple,8999元
2024-03-06,2221,0,100251183595,Apple iPhone,手机通讯,Apple,8999元
2024-03-07,2257,0,100251183595,Apple iPhone,手机通讯,Apple,8999元
2024-03-08,2225,0,100251183595,Apple iPhone,手机通讯,Apple,8999元
2024-03-09,2309,0,100251183595,Apple iPhone,手机通讯,Apple,8999元
2024-03-10,3058,1,100251183595,Apple iPhone,手机通讯,Apple,8999元
2024-03-11,2214,0,100251183595,Apple iPhone,手机通讯,Apple,8999元
2024-03-12,2238,0,100251183595,Apple iPhone,手机通讯,Apple,8999元
2024-03-13,2222,0,100251183595,Apple iPhone,手机通讯,Apple,8999元
2024-03-14,2149,0,100251183595,Apple iPhone,手机通讯,Apple,8999元
2024-03-15,2234,0,100251183595,Apple iPhone,手机通讯,Apple,8999元
2024-03-16,2353,0,100251183595,Apple iPhone,手机通讯,Apple,8999元
2024-03-17,2372,0,100251183595,Apple iPhone,手机通讯,Apple,8999元
2024-03-18,2230,0,100251183595,Apple iPhone,手机通讯,Apple,8999元
2024-03-19,2326,0,100251183595,Apple iPhone,手机通讯,Apple,8999元
2024-03-20,2247,0,100251183595,Apple iPhone,手机通讯,Apple,8999元
2024-03-21,2245,0,100251183595,Apple iPhone,手机通讯,Apple,8999元
2024-03-22,2331,0,100251183595,Apple iPhone,手机通讯,Apple,8999元
2024-03-23,2432,0,100251183595,Apple iPhone,手机通讯,Apple,8999元
2024-03-24,2331,0,100251183595,Apple iPhone,手机通讯,Apple,8999元
2024-03-25,2079,0,100251183595,Apple iPhone,手机通讯,Apple,8999元
2024-03-26,2202,0,100251183595,Apple iPhone,手机通讯,Apple,8999元
2024-03-27,2222,0,100251183595,Apple iPhone,手机通讯,Apple,8999元
2024-03-28,1991,0,100251183595,Apple iPhone,手机通讯,Apple,8999元
2024-03-29,2187,0,100251183595,Apple iPhone,手机通讯,Apple,8999元
2024-03-30,2438,0,100251183595,Apple iPhone,手机通讯,Apple,8999元
2024-03-31,2274,0,100251183595,Apple iPhone,手机通讯,Apple,8999元
2024-04-01,2224,0,100251183595,Apple iPhone,手机通讯,Apple,8999元
2024-04-02,2067,0,100251183595,Apple iPhone,手机通讯,Apple,8999元
2024-04-03,2078,0,100251183595,Apple iPhone,手机通讯,Apple,8999元
2024-04-04,2157,0,100251183595,Apple iPhone,手机通讯,Apple,8999元
2024-04-05,2200,0,100251183595,Apple iPhone,手机通讯,Apple,8999元
2024-04-06,2269,0,100251183595,Apple iPhone,手机通讯,Apple,8999元
2024-04-07,2318,0,100251183595,Apple iPhone,手机通讯,Apple,8999元
2024-04-08,2136,0,100251183595,Apple iPhone,手机通讯,Apple,8999元
2024-04-09,1985,0,100251183595,Apple iPhone,手机通讯,Apple,8999元
2024-04-10,2024,0,100251183595,Apple iPhone,手机通讯,Apple,8999元
2024-04-11,1915,0,100251183595,Apple iPhone,手机通讯,Apple,8999元
2024-04-12,2126,0,100251183595,Apple iPhone,手机通讯,Apple,8999元
2024-04-13,2002,0,100251183595,Apple iPhone,手机通讯,Apple,8999元
2024-04-14,2386,0,100251183595,Apple iPhone,手机通讯,Apple,8999元
2024-04-15,2047,0,100251183595,Apple iPhone,手机通讯,Apple,8999元
2024-04-16,2009,0,100251183595,Apple iPhone,手机通讯,Apple,8999元
2024-04-17,2139,0,100251183595,Apple iPhone,手机通讯,Apple,8999元
2024-04-18,2288,0,100251183595,Apple iPhone,手机通讯,Apple,8999元
2024-04-19,2261,0,100251183595,Apple iPhone,手机通讯,Apple,8999元
2024-04-20,2359,0,100251183595,Apple iPhone,手机通讯,Apple,8999元
2024-04-21,2220,0,100251183595,Apple iPhone,手机通讯,Apple,8999元
2024-04-22,1998,0,100251183595,Apple iPhone,手机通讯,Apple,8999元
2024-04-23,2046,0,100251183595,Apple iPhone,手机通讯,Apple,8999元
2024-04-24,1917,0,100251183595,Apple iPhone,手机通讯,Apple,8999元
2024-04-25,2008,0,100251183595,Apple iPhone,手机通讯,Apple,8999元
2024-04-26,2507,1,100251183595,Apple iPhone,手机通讯,Apple,8999元
2024-04-27,2211,0,100251183595,Apple iPhone,手机通讯,Apple,8999元
2024-04-28,2055,0,100251183595,Apple iPhone,手机通讯,Apple,8999元
2024-04-29,1968,0,100251183595,Apple iPhone,手机通讯,Apple,8999元
2024-04-30,1972,0,100251183595,Apple iPhone,手机通讯,Apple,8999元
2024-05-01,2022,0,100251183595,Apple iPhone,手机通讯,Apple,8999元
2024-05-02,1991,0,100251183595,Apple iPhone,手机通讯,Apple,8999元
2024-05-03,2263,0,100251183595,Apple iPhone,手机通讯,Apple,8999元
2024-05-04,2316,0,100251183595,Apple iPhone,手机通讯,Apple,8999元
2024-05-05,2133,0,100251183595,Apple iPhone,手机通讯,Apple,8999元
2024-05-06,2043,0,100251183595,Apple iPhone,手机通讯,Apple,8999元
2024-05-07,1917,0,100251183595,Apple iPhone,手机通讯,Apple,8999元
2024-05-08,1962,0,100251183595,Apple iPhone,手机通讯,Apple,8999元
2024-05-09,1873,0,100251183595,Apple iPhone,手机通讯,Apple,8999元
2024-05-10,1995,0,100251183595,Apple iPhone,手机通讯,Apple,8999元
2024-05-11,2031,0,100251183595,Apple iPhone,手机通讯,Apple,8999元
2024-05-12,2149,0,100251183595,Apple iPhone,手机通讯,Apple,8999元
2024-05-13,2102,0,100251183595,Apple iPhone,手机通讯,Apple,8999元
2024-05-14,2175,0,100251183595,Apple iPhone,手机通讯,Apple,8999元
2024-05-15,2117,0,100251183595,Apple iPhone,手机通讯,Apple,8999元
2024-05-16,2064,0,100251183595,Apple iPhone,手机通讯,Apple,8999元
2024-05-17,2121,0,100251183595,Apple iPhone,手机通讯,Apple,8999元
2024-05-18,2235,0,100251183595,Apple iPhone,手机通讯,Apple,8999元
2024-05-19,2186,0,100251183595,Apple iPhone,手机通讯,Apple,8999元
2024-05-20,2220,0,100251183595,Apple iPhone,手机通讯,Apple,8999元
2024-05-21,2140,0,100251183595,Apple iPhone,手机通讯,Apple,8999元
2024-05-22,2273,0,100251183595,Apple iPhone,手机通讯,Apple,8999元
2024-05-23,2166,0,100251183595,Apple iPhone,手机通讯,Apple,8999元
2024-05-24,1945,0,100251183595,Apple iPhone,手机通讯,Apple,8999元
2024-05-25,2146,0,100251183595,Apple iPhone,手机通讯,Apple,8999元
2024-05-26,2251,0,100251183595,Apple iPhone,手机通讯,Apple,8999元
2024-05-27,2032,0,100251183595,Apple iPhone,手机通讯,Apple,8999元
2024-05-28,2164,0,100251183595,Apple iPhone,手机通讯,Apple,8999元
2024-05-29,2013,0,100251183595,Apple iPhone,手机通讯,Apple,8999元
2024-05-30,2148,0,100251183595,Apple iPhone,手机通讯,Apple,8999元
2024-05-31,2257,0,100251183595,Apple iPhone,手机通讯,Apple,8999元
2024-06-01,4290,1,100251183595,Apple iPhone,手机通讯,Apple,8999元
2024-06-02,4764,1,100251183595,Apple iPhone,手机通讯,Apple,8999元
2024-06-03,4960,1,100251183595,Apple iPhone,手机通讯,Apple,8999元
2024-06-04,4691,1,100251183595,Apple iPhone,手机通讯,Apple,8999元
2024-06-05,4531,1,100251183595,Apple iPhone,手机通讯,Apple,8999元
2024-06-06,5342,1,100251183595,Apple iPhone,手机通讯,Apple,8999元
2024-06-07,5970,1,100251183595,Apple iPhone,手机通讯,Apple,8999元
2024-06-08,6137,1,100251183595,Apple iPhone,手机通讯,Apple,8999元
2024-06-09,6143,1,100251183595,Apple iPhone,手机通讯,Apple,8999元
2024-06-10,6232,1,100251183595,Apple iPhone,手机通讯,Apple,8999元
2024-06-11,6215,1,100251183595,Apple iPhone,手机通讯,Apple,8999元
2024-06-12,6878,1,100251183595,Apple iPhone,手机通讯,Apple,8999元
2024-06-13,7020,1,100251183595,Apple iPhone,手机通讯,Apple,8999元
2024-06-14,7802,1,100251183595,Apple iPhone,手机通讯,Apple,8999元
2024-06-15,7841,1,100251183595,Apple iPhone,手机通讯,Apple,8999元
2024-06-16,7724,1,100251183595,Apple iPhone,手机通讯,Apple,8999元
2024-06-17,7868,1,100251183595,Apple iPhone,手机通讯,Apple,8999元
2024-06-18,8221,1,100251183595,Apple iPhone,手机通讯,Apple,8999元
2024-06-19,7910,1,100251183595,Apple iPhone,手机通讯,Apple,8999元
2024-06-20,8106,1,100251183595,Apple iPhone,手机通讯,Apple,8999元
2024-06-21,2317,0,100251183595,Apple iPhone,手机通讯,Apple,8999元
2024-06-22,2479,0,100251183595,Apple iPhone,手机通讯,Apple,8999元
2024-06-23,2392,0,100251183595,Apple iPhone,手机通讯,Apple,8999元
2024-06-24,2095,0,100251183595,Apple iPhone,手机通讯,Apple,8999元
2024-06-25,2295,0,100251183595,Apple iPhone,手机通讯,Apple,8999元
2024-06-26,2222,0,100251183595,Apple iPhone,手机通讯,Apple,8999元
2024-06-27,2102,0,100251183595,Apple iPhone,手机通讯,Apple,8999元
2024-06-28,2172,0,100251183595,Apple iPhone,手机通讯,Apple,8999元
2024-06-29,2236,0,100251183595,Apple iPhone,手机通讯,Apple,8999元
2024-06-30,2135,0,100251183595,Apple iPhone,手机通讯,Apple,8999元
2024-07-01,2156,0,100251183595,Apple iPhone,手机通讯,Apple,8999元
2024-07-02,2146,0,100251183595,Apple iPhone,手机通讯,Apple,8999元
2024-07-03,1912,0,100251183595,Apple iPhone,手机通讯,Apple,8999元
2024-07-04,2134,0,100251183595,Apple iPhone,手机通讯,Apple,8999元
2024-07-05,2190,0,100251183595,Apple iPhone,手机通讯,Apple,8999元
2024-07-06,2180,0,100251183595,Apple iPhone,手机通讯,Apple,8999元
2024-07-07,2137,0,100251183595,Apple iPhone,手机通讯,Apple,8999元
2024-07-08,2016,0,100251183595,Apple iPhone,手机通讯,Apple,8999元
2024-07-09,2100,0,100251183595,Apple iPhone,手机通讯,Apple,8999元
2024-07-10,2122,0,100251183595,Apple iPhone,手机通讯,Apple,8999元
2024-07-11,1933,0,100251183595,Apple iPhone,手机通讯,Apple,8999元
2024-07-12,2034,0,100251183595,Apple iPhone,手机通讯,Apple,8999元
2024-07-13,1997,0,100251183595,Apple iPhone,手机通讯,Apple,8999元
2024-07-14,2183,0,100251183595,Apple iPhone,手机通讯,Apple,8999元
2024-07-15,1924,0,100251183595,Apple iPhone,手机通讯,Apple,8999元
2024-07-16,2149,0,100251183595,Apple iPhone,手机通讯,Apple,8999元
2024-07-17,2078,0,100251183595,Apple iPhone,手机通讯,Apple,8999元
2024-07-18,1964,0,100251183595,Apple iPhone,手机通讯,Apple,8999元
2024-07-19,1834,0,100251183595,Apple iPhone,手机通讯,Apple,8999元
2024-07-20,2083,0,100251183595,Apple iPhone,手机通讯,Apple,8999元
2024-07-21,2083,0,100251183595,Apple iPhone,手机通讯,Apple,8999元
2024-07-22,1912,0,100251183595,Apple iPhone,手机通讯,Apple,8999元
2024-07-23,2079,0,100251183595,Apple iPhone,手机通讯,Apple,8999元
2024-07-24,2000,0,100251183595,Apple iPhone,手机通讯,Apple,8999元
2024-07-25,1975,0,100251183595,Apple iPhone,手机通讯,Apple,8999元
2024-07-26,1866,0,100251183595,Apple iPhone,手机通讯,Apple,8999元
2024-07-27,1802,0,100251183595,Apple iPhone,手机通讯,Apple,8999元
2024-07-28,1961,0,100251183595,Apple iPhone,手机通讯,Apple,8999元
2024-07-29,1930,0,100251183595,Apple iPhone,手机通讯,Apple,8999元
2024-07-30,1830,0,100251183595,Apple iPhone,手机通讯,Apple,8999元
2024-07-31,1882,0,100251183595,Apple iPhone,手机通讯,Apple,8999元
2024-08-01,1890,0,100251183595,Apple iPhone,手机通讯,Apple,8999元
2024-08-02,1774,0,100251183595,Apple iPhone,手机通讯,Apple,8999元
2024-08-03,1850,0,100251183595,Apple iPhone,手机通讯,Apple,8999元
2024-08-04,1967,0,100251183595,Apple iPhone,手机通讯,Apple,8999元
2024-08-05,1729,0,100251183595,Apple iPhone,手机通讯,Apple,8999元
2024-08-06,1780,0,100251183595,Apple iPhone,手机通讯,Apple,8999元
2024-08-07,1719,0,100251183595,Apple iPhone,手机通讯,Apple,8999元
2024-08-08,1870,0,100251183595,Apple iPhone,手机通讯,Apple,8999元
2024-08-09,1761,0,100251183595,Apple iPhone,手机通讯,Apple,8999元
2024-08-10,2060,0,100251183595,Apple iPhone,手机通讯,Apple,8999元
2024-08-11,2063,0,100251183595,Apple iPhone,手机通讯,Apple,8999元
2024-08-12,1723,0,100251183595,Apple iPhone,手机通讯,Apple,8999元
2024-08-13,1822,0,100251183595,Apple iPhone,手机通讯,Apple,8999元
2024-08-14,1671,0,100251183595,Apple iPhone,手机通讯,Apple,8999元
2024-08-15,1630,0,100251183595,Apple iPhone,手机通讯,Apple,8999元
2024-08-16,1645,0,100251183595,Apple iPhone,手机通讯,Apple,8999元
2024-08-17,1935,0,100251183595,Apple iPhone,手机通讯,Apple,8999元
2024-08-18,2089,0,100251183595,Apple iPhone,手机通讯,Apple,8999元
2024-08-19,1925,0,100251183595,Apple iPhone,手机通讯,Apple,8999元
2024-08-20,1642,0,100251183595,Apple iPhone,手机通讯,Apple,8999元
2024-08-21,1713,0,100251183595,Apple iPhone,手机通讯,Apple,8999元
2024-08-22,1842,0,100251183595,Apple iPhone,手机通讯,Apple,8999元
2024-08-23,1775,0,100251183595,Apple iPhone,手机通讯,Apple,8999元
2024-08-24,1944,0,100251183595,Apple iPhone,手机通讯,Apple,8999元
2024-08-25,2029,0,100251183595,Apple iPhone,手机通讯,Apple,8999元
2024-08-26,1948,0,100251183595,Apple iPhone,手机通讯,Apple,8999元
2024-08-27,1838,0,100251183595,Apple iPhone,手机通讯,Apple,8999元
2024-08-28,1839,0,100251183595,Apple iPhone,手机通讯,Apple,8999元
2024-08-29,1827,0,100251183595,Apple iPhone,手机通讯,Apple,8999元
2024-08-30,2008,0,100251183595,Apple iPhone,手机通讯,Apple,8999元
2024-08-31,1795,0,100251183595,Apple iPhone,手机通讯,Apple,8999元
2024-09-01,1966,0,100251183595,Apple iPhone,手机通讯,Apple,8999元
2024-09-02,1772,0,100251183595,Apple iPhone,手机通讯,Apple,8999元
2024-09-03,1901,0,100251183595,Apple iPhone,手机通讯,Apple,8999元
2024-09-04,1699,0,100251183595,Apple iPhone,手机通讯,Apple,8999元
2024-09-05,1843,0,100251183595,Apple iPhone,手机通讯,Apple,8999元
2024-09-06,1916,0,100251183595,Apple iPhone,手机通讯,Apple,8999元
2024-09-07,2187,0,100251183595,Apple iPhone,手机通讯,Apple,8999元
2024-09-08,1942,0,100251183595,Apple iPhone,手机通讯,Apple,8999元
2024-09-09,1755,0,100251183595,Apple iPhone,手机通讯,Apple,8999元
2024-09-10,4146,1,100251183595,Apple iPhone,手机通讯,Apple,8999元
2024-09-11,3876,1,100251183595,Apple iPhone,手机通讯,Apple,8999元
2024-09-12,4407,1,100251183595,Apple iPhone,手机通讯,Apple,8999元
2024-09-13,4137,1,100251183595,Apple iPhone,手机通讯,Apple,8999元
2024-09-14,4557,1,100251183595,Apple iPhone,手机通讯,Apple,8999元
2024-09-15,3998,1,100251183595,Apple iPhone,手机通讯,Apple,8999元
2024-09-16,4218,1,100251183595,Apple iPhone,手机通讯,Apple,8999元
2024-09-17,4282,1,100251183595,Apple iPhone,手机通讯,Apple,8999元
2024-09-18,3660,1,100251183595,Apple iPhone,手机通讯,Apple,8999元
2024-09-19,4628,1,100251183595,Apple iPhone,手机通讯,Apple,8999元
2024-09-20,4556,1,100251183595,Apple iPhone,手机通讯,Apple,8999元
2024-09-21,4323,1,100251183595,Apple iPhone,手机通讯,Apple,8999元
2024-09-22,4152,1,100251183595,Apple iPhone,手机通讯,Apple,8999元
2024-09-23,4224,1,100251183595,Apple iPhone,手机通讯,Apple,8999元
2024-09-24,4131,1,100251183595,Apple iPhone,手机通讯,Apple,8999元
2024-09-25,4140,1,100251183595,Apple iPhone,手机通讯,Apple,8999元
2024-09-26,1581,0,100251183595,Apple iPhone,手机通讯,Apple,8999元
2024-09-27,1933,0,100251183595,Apple iPhone,手机通讯,Apple,8999元
2024-09-28,1926,0,100251183595,Apple iPhone,手机通讯,Apple,8999元
2024-09-29,1947,0,100251183595,Apple iPhone,手机通讯,Apple,8999元
2024-09-30,1762,0,100251183595,Apple iPhone,手机通讯,Apple,8999元
2024-10-01,1665,0,100251183595,Apple iPhone,手机通讯,Apple,8999元
2024-10-02,1658,0,100251183595,Apple iPhone,手机通讯,Apple,8999元
2024-10-03,1600,0,100251183595,Apple iPhone,手机通讯,Apple,8999元
2024-10-04,1872,0,100251183595,Apple iPhone,手机通讯,Apple,8999元
2024-10-05,1858,0,100251183595,Apple iPhone,手机通讯,Apple,8999元
2024-10-06,1743,0,100251183595,Apple iPhone,手机通讯,Apple,8999元
2024-10-07,1727,0,100251183595,Apple iPhone,手机通讯,Apple,8999元
2024-10-08,1797,0,100251183595,Apple iPhone,手机通讯,Apple,8999元
2024-10-09,1855,0,100251183595,Apple iPhone,手机通讯,Apple,8999元
2024-10-10,1595,0,100251183595,Apple iPhone,手机通讯,Apple,8999元
2024-10-11,1834,0,100251183595,Apple iPhone,手机通讯,Apple,8999元
2024-10-12,1996,0,100251183595,Apple iPhone,手机通讯,Apple,8999元
2024-10-13,1906,0,100251183595,Apple iPhone,手机通讯,Apple,8999元
2024-10-14,1830,0,100251183595,Apple iPhone,手机通讯,Apple,8999元
2024-10-15,1998,0,100251183595,Apple iPhone,手机通讯,Apple,8999元
2024-10-16,1886,0,100251183595,Apple iPhone,手机通讯,Apple,8999元
2024-10-17,1774,0,100251183595,Apple iPhone,手机通讯,Apple,8999元
2024-10-18,1771,0,100251183595,Apple iPhone,手机通讯,Apple,8999元
2024-10-19,1897,0,100251183595,Apple iPhone,手机通讯,Apple,8999元
2024-10-20,2047,0,100251183595,Apple iPhone,手机通讯,Apple,8999元
2024-10-21,1604,0,100251183595,Apple iPhone,手机通讯,Apple,8999元
2024-10-22,1648,0,100251183595,Apple iPhone,手机通讯,Apple,8999元
2024-10-23,1670,0,100251183595,Apple iPhone,手机通讯,Apple,8999元
2024-10-24,1909,0,100251183595,Apple iPhone,手机通讯,Apple,8999元
2024-10-25,1799,0,100251183595,Apple iPhone,手机通讯,Apple,8999元
2024-10-26,1721,0,100251183595,Apple iPhone,手机通讯,Apple,8999元
2024-10-27,2007,0,100251183595,Apple iPhone,手机通讯,Apple,8999元
2024-10-28,1953,0,100251183595,Apple iPhone,手机通讯,Apple,8999元
2024-10-29,1801,0,100251183595,Apple iPhone,手机通讯,Apple,8999元
2024-10-30,1834,0,100251183595,Apple iPhone,手机通讯,Apple,8999元
2024-10-31,1985,0,100251183595,Apple iPhone,手机通讯,Apple,8999元
2024-11-01,4997,1,100251183595,Apple iPhone,手机通讯,Apple,8999元
2024-11-02,5476,1,100251183595,Apple iPhone,手机通讯,Apple,8999元
2024-11-03,5853,1,100251183595,Apple iPhone,手机通讯,Apple,8999元
2024-11-04,5864,1,100251183595,Apple iPhone,手机通讯,Apple,8999元
2024-11-05,5949,1,100251183595,Apple iPhone,手机通讯,Apple,8999元
2024-11-06,6861,1,100251183595,Apple iPhone,手机通讯,Apple,8999元
2024-11-07,7286,1,100251183595,Apple iPhone,手机通讯,Apple,8999元
2024-11-08,7903,1,100251183595,Apple iPhone,手机通讯,Apple,8999元
2024-11-09,7255,1,100251183595,Apple iPhone,手机通讯,Apple,8999元
2024-11-10,8171,1,100251183595,Apple iPhone,手机通讯,Apple,8999元
2024-11-11,7660,1,100251183595,Apple iPhone,手机通讯,Apple,8999元
2024-11-12,7910,1,100251183595,Apple iPhone,手机通讯,Apple,8999元
2024-11-13,7509,1,100251183595,Apple iPhone,手机通讯,Apple,8999元
2024-11-14,7655,1,100251183595,Apple iPhone,手机通讯,Apple,8999元
2024-11-15,6760,1,100251183595,Apple iPhone,手机通讯,Apple,8999元
2024-11-16,2289,0,100251183595,Apple iPhone,手机通讯,Apple,8999元
2024-11-17,2142,0,100251183595,Apple iPhone,手机通讯,Apple,8999元
2024-11-18,2150,0,100251183595,Apple iPhone,手机通讯,Apple,8999元
2024-11-19,2158,0,100251183595,Apple iPhone,手机通讯,Apple,8999元
2024-11-20,2040,0,100251183595,Apple iPhone,手机通讯,Apple,8999元
2024-11-21,2213,0,100251183595,Apple iPhone,手机通讯,Apple,8999元
2024-11-22,2110,0,100251183595,Apple iPhone,手机通讯,Apple,8999元
2024-11-23,2342,0,100251183595,Apple iPhone,手机通讯,Apple,8999元
2024-11-24,2333,0,100251183595,Apple iPhone,手机通讯,Apple,8999元
2024-11-25,2158,0,100251183595,Apple iPhone,手机通讯,Apple,8999元
2024-11-26,2322,0,100251183595,Apple iPhone,手机通讯,Apple,8999元
2024-11-27,2259,0,100251183595,Apple iPhone,手机通讯,Apple,8999元
2024-11-28,2291,0,100251183595,Apple iPhone,手机通讯,Apple,8999元
2024-11-29,2283,0,100251183595,Apple iPhone,手机通讯,Apple,8999元
2024-11-30,2487,0,100251183595,Apple iPhone,手机通讯,Apple,8999元
2024-12-01,2439,0,100251183595,Apple iPhone,手机通讯,Apple,8999元
2024-12-02,2207,0,100251183595,Apple iPhone,手机通讯,Apple,8999元
2024-12-03,2375,0,100251183595,Apple iPhone,手机通讯,Apple,8999元
2024-12-04,2498,0,100251183595,Apple iPhone,手机通讯,Apple,8999元
2024-12-05,2395,0,100251183595,Apple iPhone,手机通讯,Apple,8999元
2024-12-06,2361,0,100251183595,Apple iPhone,手机通讯,Apple,8999元
2024-12-07,2605,0,100251183595,Apple iPhone,手机通讯,Apple,8999元
2024-12-08,2485,0,100251183595,Apple iPhone,手机通讯,Apple,8999元
2024-12-09,2220,0,100251183595,Apple iPhone,手机通讯,Apple,8999元
2024-12-10,2204,0,100251183595,Apple iPhone,手机通讯,Apple,8999元
2024-12-11,2233,0,100251183595,Apple iPhone,手机通讯,Apple,8999元
2024-12-12,2418,0,100251183595,Apple iPhone,手机通讯,Apple,8999元
2024-12-13,2365,0,100251183595,Apple iPhone,手机通讯,Apple,8999元
2024-12-14,2447,0,100251183595,Apple iPhone,手机通讯,Apple,8999元
2024-12-15,2532,0,100251183595,Apple iPhone,手机通讯,Apple,8999元
2024-12-16,2401,0,100251183595,Apple iPhone,手机通讯,Apple,8999元
2024-12-17,2348,0,100251183595,Apple iPhone,手机通讯,Apple,8999元
2024-12-18,2440,0,100251183595,Apple iPhone,手机通讯,Apple,8999元
2024-12-19,2411,0,100251183595,Apple iPhone,手机通讯,Apple,8999元
2024-12-20,2461,0,100251183595,Apple iPhone,手机通讯,Apple,8999元
2024-12-21,2516,0,100251183595,Apple iPhone,手机通讯,Apple,8999元
2024-12-22,2539,0,100251183595,Apple iPhone,手机通讯,Apple,8999元
2024-12-23,2399,0,100251183595,Apple iPhone,手机通讯,Apple,8999元
2024-12-24,2484,0,100251183595,Apple iPhone,手机通讯,Apple,8999元
2024-12-25,2310,0,100251183595,Apple iPhone,手机通讯,Apple,8999元
2024-12-26,2433,0,100251183595,Apple iPhone,手机通讯,Apple,8999元
2024-12-27,2334,0,100251183595,Apple iPhone,手机通讯,Apple,8999元
2024-12-28,2666,0,100251183595,Apple iPhone,手机通讯,Apple,8999元
2024-12-29,2398,0,100251183595,Apple iPhone,手机通讯,Apple,8999元
2024-12-30,2622,0,100251183595,Apple iPhone,手机通讯,Apple,8999元
2024-12-31,2941,1,100251183595,Apple iPhone,手机通讯,Apple,8999元
2025-01-01,2233,0,100251183595,Apple iPhone,手机通讯,Apple,8999元
2025-01-02,2387,0,100251183595,Apple iPhone,手机通讯,Apple,8999元
2025-01-03,2425,0,100251183595,Apple iPhone,手机通讯,Apple,8999元
2025-01-04,2667,0,100251183595,Apple iPhone,手机通讯,Apple,8999元
2025-01-05,2492,0,100251183595,Apple iPhone,手机通讯,Apple,8999元
2025-01-06,2216,0,100251183595,Apple iPhone,手机通讯,Apple,8999元
2025-01-07,2503,0,100251183595,Apple iPhone,手机通讯,Apple,8999元
2025-01-08,2274,0,100251183595,Apple iPhone,手机通讯,Apple,8999元
2025-01-09,2334,0,100251183595,Apple iPhone,手机通讯,Apple,8999元
2025-01-10,2282,0,100251183595,Apple iPhone,手机通讯,Apple,8999元
2025-01-11,2434,0,100251183595,Apple iPhone,手机通讯,Apple,8999元
2025-01-12,2612,0,100251183595,Apple iPhone,手机通讯,Apple,8999元
2025-01-13,2226,0,100251183595,Apple iPhone,手机通讯,Apple,8999元
2025-01-14,2262,0,100251183595,Apple iPhone,手机通讯,Apple,8999元
2025-01-15,2287,0,100251183595,Apple iPhone,手机通讯,Apple,8999元
2025-01-16,2333,0,100251183595,Apple iPhone,手机通讯,Apple,8999元
2025-01-17,2311,0,100251183595,Apple iPhone,手机通讯,Apple,8999元
2025-01-18,2545,0,100251183595,Apple iPhone,手机通讯,Apple,8999元
2025-01-19,2610,0,100251183595,Apple iPhone,手机通讯,Apple,8999元
2025-01-20,2417,0,100251183595,Apple iPhone,手机通讯,Apple,8999元
2025-01-21,2320,0,100251183595,Apple iPhone,手机通讯,Apple,8999元
2025-01-22,2202,0,100251183595,Apple iPhone,手机通讯,Apple,8999元
2025-01-23,2333,0,100251183595,Apple iPhone,手机通讯,Apple,8999元
2025-01-24,2378,0,100251183595,Apple iPhone,手机通讯,Apple,8999元
2025-01-25,2456,0,100251183595,Apple iPhone,手机通讯,Apple,8999元
2025-01-26,2481,0,100251183595,Apple iPhone,手机通讯,Apple,8999元
2025-01-27,2190,0,100251183595,Apple iPhone,手机通讯,Apple,8999元
2025-01-28,2290,0,100251183595,Apple iPhone,手机通讯,Apple,8999元
2025-01-29,2462,0,100251183595,Apple iPhone,手机通讯,Apple,8999元
2025-01-30,2392,0,100251183595,Apple iPhone,手机通讯,Apple,8999元
2025-01-31,2295,0,100251183595,Apple iPhone,手机通讯,Apple,8999元
2025-02-01,2246,0,100251183595,Apple iPhone,手机通讯,Apple,8999元
2025-02-02,1936,0,100251183595,Apple iPhone,手机通讯,Apple,8999元
2025-02-03,2001,0,100251183595,Apple iPhone,手机通讯,Apple,8999元
2025-02-04,1870,0,100251183595,Apple iPhone,手机通讯,Apple,8999元
2025-02-05,2031,0,100251183595,Apple iPhone,手机通讯,Apple,8999元
2025-02-06,1899,0,100251183595,Apple iPhone,手机通讯,Apple,8999元
2025-02-07,2214,0,100251183595,Apple iPhone,手机通讯,Apple,8999元
2025-02-08,2296,0,100251183595,Apple iPhone,手机通讯,Apple,8999元
2025-02-09,2242,0,100251183595,Apple iPhone,手机通讯,Apple,8999元
2025-02-10,1918,0,100251183595,Apple iPhone,手机通讯,Apple,8999元
2025-02-11,1967,0,100251183595,Apple iPhone,手机通讯,Apple,8999元
2025-02-12,1997,0,100251183595,Apple iPhone,手机通讯,Apple,8999元
2025-02-13,2078,0,100251183595,Apple iPhone,手机通讯,Apple,8999元
2025-02-14,2144,0,100251183595,Apple iPhone,手机通讯,Apple,8999元
2025-02-15,2247,0,100251183595,Apple iPhone,手机通讯,Apple,8999元
2025-02-16,1841,0,100251183595,Apple iPhone,手机通讯,Apple,8999元
2025-02-17,1968,0,100251183595,Apple iPhone,手机通讯,Apple,8999元
2025-02-18,1780,0,100251183595,Apple iPhone,手机通讯,Apple,8999元
2025-02-19,1957,0,100251183595,Apple iPhone,手机通讯,Apple,8999元
2025-02-20,2028,0,100251183595,Apple iPhone,手机通讯,Apple,8999元
2025-02-21,2431,0,100251183595,Apple iPhone,手机通讯,Apple,8999元
2025-02-22,2673,0,100251183595,Apple iPhone,手机通讯,Apple,8999元
2025-02-23,2498,0,100251183595,Apple iPhone,手机通讯,Apple,8999元
2025-02-24,2392,0,100251183595,Apple iPhone,手机通讯,Apple,8999元
2025-02-25,2344,0,100251183595,Apple iPhone,手机通讯,Apple,8999元
2025-02-26,2311,0,100251183595,Apple iPhone,手机通讯,Apple,8999元
2025-02-27,2376,0,100251183595,Apple iPhone,手机通讯,Apple,8999元
2025-02-28,2311,0,100251183595,Apple iPhone,手机通讯,Apple,8999元
2025-03-01,2535,0,100251183595,Apple iPhone,手机通讯,Apple,8999元
2025-03-02,2487,0,100251183595,Apple iPhone,手机通讯,Apple,8999元
2025-03-03,2331,0,100251183595,Apple iPhone,手机通讯,Apple,8999元
2025-03-04,2559,0,100251183595,Apple iPhone,手机通讯,Apple,8999元
2025-03-05,2465,0,100251183595,Apple iPhone,手机通讯,Apple,8999元
2025-03-06,2226,0,100251183595,Apple iPhone,手机通讯,Apple,8999元
2025-03-07,2301,0,100251183595,Apple iPhone,手机通讯,Apple,8999元
2025-03-08,2571,0,100251183595,Apple iPhone,手机通讯,Apple,8999元
2025-03-09,2588,0,100251183595,Apple iPhone,手机通讯,Apple,8999元
2025-03-10,2411,0,100251183595,Apple iPhone,手机通讯,Apple,8999元
2025-03-11,2321,0,100251183595,Apple iPhone,手机通讯,Apple,8999元
2025-03-12,2464,0,100251183595,Apple iPhone,手机通讯,Apple,8999元
2025-03-13,2502,0,100251183595,Apple iPhone,手机通讯,Apple,8999元
2025-03-14,2254,0,100251183595,Apple iPhone,手机通讯,Apple,8999元
2025-03-15,2499,0,100251183595,Apple iPhone,手机通讯,Apple,8999元
2025-03-16,2600,0,100251183595,Apple iPhone,手机通讯,Apple,8999元
2025-03-17,2337,0,100251183595,Apple iPhone,手机通讯,Apple,8999元
2025-03-18,2432,0,100251183595,Apple iPhone,手机通讯,Apple,8999元
2025-03-19,2376,0,100251183595,Apple iPhone,手机通讯,Apple,8999元
2025-03-20,2333,0,100251183595,Apple iPhone,手机通讯,Apple,8999元
2025-03-21,2384,0,100251183595,Apple iPhone,手机通讯,Apple,8999元
2025-03-22,2467,0,100251183595,Apple iPhone,手机通讯,Apple,8999元
2025-03-23,2333,0,100251183595,Apple iPhone,手机通讯,Apple,8999元
2025-03-24,2310,0,100251183595,Apple iPhone,手机通讯,Apple,8999元
2025-03-25,2372,0,100251183595,Apple iPhone,手机通讯,Apple,8999元
2025-03-26,2253,0,100251183595,Apple iPhone,手机通讯,Apple,8999元
2025-03-27,2206,0,100251183595,Apple iPhone,手机通讯,Apple,8999元
2025-03-28,2353,0,100251183595,Apple iPhone,手机通讯,Apple,8999元
2025-03-29,2501,0,100251183595,Apple iPhone,手机通讯,Apple,8999元
2025-03-30,2426,0,100251183595,Apple iPhone,手机通讯,Apple,8999元
2025-03-31,2238,0,100251183595,Apple iPhone,手机通讯,Apple,8999元
2025-04-01,2438,0,100251183595,Apple iPhone,手机通讯,Apple,8999元
2025-04-02,2464,0,100251183595,Apple iPhone,手机通讯,Apple,8999元
2025-04-03,2441,0,100251183595,Apple iPhone,手机通讯,Apple,8999元
2025-04-04,2910,1,100251183595,Apple iPhone,手机通讯,Apple,8999元
2025-04-05,2425,0,100251183595,Apple iPhone,手机通讯,Apple,8999元
2025-04-06,2367,0,100251183595,Apple iPhone,手机通讯,Apple,8999元
2025-04-07,2277,0,100251183595,Apple iPhone,手机通讯,Apple,8999元
2025-04-08,2273,0,100251183595,Apple iPhone,手机通讯,Apple,8999元
2025-04-09,2161,0,100251183595,Apple iPhone,手机通讯,Apple,8999元
2025-04-10,2158,0,100251183595,Apple iPhone,手机通讯,Apple,8999元
2025-04-11,2188,0,100251183595,Apple iPhone,手机通讯,Apple,8999元
2025-04-12,2399,0,100251183595,Apple iPhone,手机通讯,Apple,8999元
2025-04-13,2440,0,100251183595,Apple iPhone,手机通讯,Apple,8999元
2025-04-14,2773,1,100251183595,Apple iPhone,手机通讯,Apple,8999元
2025-04-15,2175,0,100251183595,Apple iPhone,手机通讯,Apple,8999元
2025-04-16,2169,0,100251183595,Apple iPhone,手机通讯,Apple,8999元
2025-04-17,2012,0,100251183595,Apple iPhone,手机通讯,Apple,8999元
2025-04-18,2256,0,100251183595,Apple iPhone,手机通讯,Apple,8999元
2025-04-19,2363,0,100251183595,Apple iPhone,手机通讯,Apple,8999元
2025-04-20,2352,0,100251183595,Apple iPhone,手机通讯,Apple,8999元
2025-04-21,2094,0,100251183595,Apple iPhone,手机通讯,Apple,8999元
2025-04-22,2463,0,100251183595,Apple iPhone,手机通讯,Apple,8999元
2025-04-23,2175,0,100251183595,Apple iPhone,手机通讯,Apple,8999元
2025-04-24,2152,0,100251183595,Apple iPhone,手机通讯,Apple,8999元
2025-04-25,2151,0,100251183595,Apple iPhone,手机通讯,Apple,8999元
2025-04-26,2301,0,100251183595,Apple iPhone,手机通讯,Apple,8999元
2025-04-27,2451,0,100251183595,Apple iPhone,手机通讯,Apple,8999元
2025-04-28,2273,0,100251183595,Apple iPhone,手机通讯,Apple,8999元
2025-04-29,2321,0,100251183595,Apple iPhone,手机通讯,Apple,8999元
2025-04-30,2120,0,100251183595,Apple iPhone,手机通讯,Apple,8999元
2025-05-01,2310,0,100251183595,Apple iPhone,手机通讯,Apple,8999元
2025-05-02,2314,0,100251183595,Apple iPhone,手机通讯,Apple,8999元
2025-05-03,2516,0,100251183595,Apple iPhone,手机通讯,Apple,8999元
2025-05-04,2324,0,100251183595,Apple iPhone,手机通讯,Apple,8999元
2025-05-05,2357,0,100251183595,Apple iPhone,手机通讯,Apple,8999元
2025-05-06,2335,0,100251183595,Apple iPhone,手机通讯,Apple,8999元
2025-05-07,2238,0,100251183595,Apple iPhone,手机通讯,Apple,8999元
2025-05-08,2171,0,100251183595,Apple iPhone,手机通讯,Apple,8999元
2025-05-09,2128,0,100251183595,Apple iPhone,手机通讯,Apple,8999元
2025-05-10,2479,0,100251183595,Apple iPhone,手机通讯,Apple,8999元
2025-05-11,2504,0,100251183595,Apple iPhone,手机通讯,Apple,8999元
2025-05-12,2405,0,100251183595,Apple iPhone,手机通讯,Apple,8999元
2025-05-13,2231,0,100251183595,Apple iPhone,手机通讯,Apple,8999元
2025-05-14,2138,0,100251183595,Apple iPhone,手机通讯,Apple,8999元
2025-05-15,2194,0,100251183595,Apple iPhone,手机通讯,Apple,8999元
2025-05-16,2291,0,100251183595,Apple iPhone,手机通讯,Apple,8999元
2025-05-17,2361,0,100251183595,Apple iPhone,手机通讯,Apple,8999元
2025-05-18,2420,0,100251183595,Apple iPhone,手机通讯,Apple,8999元
2025-05-19,2280,0,100251183595,Apple iPhone,手机通讯,Apple,8999元
2025-05-20,2234,0,100251183595,Apple iPhone,手机通讯,Apple,8999元
2025-05-21,2154,0,100251183595,Apple iPhone,手机通讯,Apple,8999元
2025-05-22,2190,0,100251183595,Apple iPhone,手机通讯,Apple,8999元
2025-05-23,2163,0,100251183595,Apple iPhone,手机通讯,Apple,8999元
2025-05-24,2301,0,100251183595,Apple iPhone,手机通讯,Apple,8999元
2025-05-25,2334,0,100251183595,Apple iPhone,手机通讯,Apple,8999元
2025-05-26,2192,0,100251183595,Apple iPhone,手机通讯,Apple,8999元
2025-05-27,2463,0,100251183595,Apple iPhone,手机通讯,Apple,8999元
2025-05-28,2487,0,100251183595,Apple iPhone,手机通讯,Apple,8999元
2025-05-29,2285,0,100251183595,Apple iPhone,手机通讯,Apple,8999元
2025-05-30,2363,0,100251183595,Apple iPhone,手机通讯,Apple,8999元
2025-05-31,3165,1,100251183595,Apple iPhone,手机通讯,Apple,8999元
2025-06-01,4827,1,100251183595,Apple iPhone,手机通讯,Apple,8999元
2025-06-02,4664,1,100251183595,Apple iPhone,手机通讯,Apple,8999元
2025-06-03,4882,1,100251183595,Apple iPhone,手机通讯,Apple,8999元
